00000|"Демократия неумолимо продвигается по Африке, и ""арабская весна"" была ее кульминацией."|"Демократия неумолимо продвигается по Африке, и ""арабская весна"" была ее кульминацией."
00001|Доклад Международного агентства по атомной энергии.|Доклад Международного агентства по атомной энергии.
00002|Мы разъясняем им их права и законы.|Мы разъясняем им их права и законы.
00003|Только что завершилось председательство Литвы в Сообществе демократий.|Только что завершилось председательство Литвы в Сообществе демократий.
00004|Весь буфет до последнего человека разом ввалился в залу.|Весь буфет до последнего человека разом ввалился в залу.
00005|В развитии континента достигнут значительный прогресс.|В развитии континента достигнут значительный прогресс.
00006|Это позволит спасти еще больше жизней в предстоящие годы.|Это позволит спасти еще больше жизней в предстоящие годы.
00007|В Бангладеш каждый год в первую субботу ноября мы отмечаем Национальный день кооперативов.|В Бангладеш каждый год в первую субботу ноября мы отмечаем Национальный день кооперативов.
00008|Мы должны заложить политический фундамент для развития на основе сотрудничества.|Мы должны заложить политический фундамент для развития на основе сотрудничества.
00009|Как руководители стран мира мы должны остановиться, задуматься и дать людям ответ.|Как руководители стран мира мы должны остановиться, задуматься и дать людям ответ.
00010|Слово имеет посол Эквадора Альфонсо Моралес.|Слово имеет посол Эквадора Альфонсо Моралес.
00011|Вот это уж наши поля пошли.|Вот это уж наши поля пошли.
00012|"– ""Изволь, государь; только девка-то не сможет встать и придти к твоей милости""."|"– ""Изволь, государь; только девка-то не сможет встать и придти к твоей милости""."
00013|Такую принципиальную позицию занимают государства-члены этого органа.|Такую принципиальную позицию занимают государства-члены этого органа.
00014|В соответствии с правилами процедуры мы должны продолжить серию ограниченных голосований.|В соответствии с правилами процедуры мы должны продолжить серию ограниченных голосований.
00015|Но Савельича мудрено было унять, когда, бывало, примется за проповедь.|Но Савельича мудрено было унять, когда, бывало, примется за проповедь.
00016|Шестой комитет принял проект решения без голосования.|Шестой комитет принял проект решения без голосования.
00017|Вместе с тем по мере продвижения вперед мы видим возможность их применения на практике.|Вместе с тем по мере продвижения вперед мы видим возможность их применения на практике.
00018|Эта политика привела к ряду существенных улучшений в секторе здравоохранения.|Эта политика привела к ряду существенных улучшений в секторе здравоохранения.
00019|На международной арене происходят тектонические изменения.|На международной арене происходят тектонические изменения.
00020|Липутин даже расстегнулся, до того ему было жарко.|Липутин даже расстегнулся, до того ему было жарко.
00021|Во-первых, в работе Комиссии в Либерии четко прослеживается принцип национальной ответственности.|Во-первых, в работе Комиссии в Либерии четко прослеживается принцип национальной ответственности.
00022|А вот на что.|А вот на что.
00023|Эта принудительная мера является нарушением международного права и Женевских конвенций.|Эта принудительная мера является нарушением международного права и Женевских конвенций.
00024|И неудержимая радость и оживление сияли на ее лице.|И неудержимая радость и оживление сияли на ее лице.
00025|Ливийский народ способен определять свое собственное будущее, и мы должны уважать его выбор.|Ливийский народ способен определять свое собственное будущее, и мы должны уважать его выбор.
00026|Ярким примером в этом плане может служить сближение биологии и химии.|Ярким примером в этом плане может служить сближение биологии и химии.
00027|И наконец, есть и вариант приростных изменений, что тоже имеет своих оппонентов.|И наконец, есть и вариант приростных изменений, что тоже имеет своих оппонентов.
00028|Возможно, она вырастет здоровой и крепкой, а возможно, и нет.|Возможно, она вырастет здоровой и крепкой, а возможно, и нет.
00029|Присоединитесь к нам на ужин?|Присоединитесь к нам на ужин?
00030|Первопричина кризиса в нашем регионе очень проста и понятна.|Первопричина кризиса в нашем регионе очень проста и понятна.
00031|Именно так мы и поступили, создав Сообщество государств Латинской Америки и Карибского бассейна.|Именно так мы и поступили, создав Сообщество государств Латинской Америки и Карибского бассейна.
00032|Доступ к пострадавшим, в частности для медицинского персонала, должен быть гарантирован при любых обстоятельствах.|Доступ к пострадавшим, в частности для медицинского персонала, должен быть гарантирован при любых обстоятельствах.
00033|Ты именно теперь в состоянии оценить всю важность его.|Ты именно теперь в состоянии оценить всю важность его.
00034|Мы знаем, что существуют и другие проблемы, такие как глобальный экономический кризис.|Мы знаем, что существуют и другие проблемы, такие как глобальный экономический кризис.
00035|Уж я от Стивы получил записочку, что вы тут.|Уж я от Стивы получил записочку, что вы тут.
00036|Наши сегодняшние обсуждения посвящены работе Совета по правам человека за последний отчетный период.|Наши сегодняшние обсуждения посвящены работе Совета по правам человека за последний отчетный период.
00037|Борьба с неравенством должна быть ключевым элементом всех наших стратегий в этой области.|Борьба с неравенством должна быть ключевым элементом всех наших стратегий в этой области.
00038|Необходимо укрепить координацию национальных экономических стратегий.|Необходимо укрепить координацию национальных экономических стратегий.
00039|Результаты процесса обзора оказались благоприятными для развивающихся стран.|Результаты процесса обзора оказались благоприятными для развивающихся стран.
00040|Мы были свободны не всегда.|Мы были свободны не всегда.
00041|Простите нас с нашим конем, что мы Вам тут.|Простите нас с нашим конем, что мы Вам тут.
00042|Наша система не является совершенной, и перед нами стоит много вопросов, которые предстоит решить.|Наша система не является совершенной, и перед нами стоит много вопросов, которые предстоит решить.
00043|Ливия Каддафи председательствовала в Комиссии по правам человека.|Ливия Каддафи председательствовала в Комиссии по правам человека.
00044|И представьте себе умонастроения рабовладельцев, создавших такую систему: их жестокость, надменность, алчность и бесчеловечность.|И представьте себе умонастроения рабовладельцев, создавших такую систему: их жестокость, надменность, алчность и бесчеловечность.
00045|Поскольку этот день совпадает со Страстной Пятницей, заседаний в тот день проводиться не будет.|Поскольку этот день совпадает со Страстной Пятницей, заседаний в тот день проводиться не будет.
00046|Я знаю, что это значит.|Я знаю, что это значит.
00047|Первоначально созданные структуры нас игнорируют.|Первоначально созданные структуры нас игнорируют.
00048|Наличие аппаратного ускорения в виде графической карты приветствуется|Наличие аппаратного ускорения в виде графической карты приветствуется
00049|Миротворчество представляет собой одно из наиболее заметных направлений деятельности Организации Объединенных Наций.|Миротворчество представляет собой одно из наиболее заметных направлений деятельности Организации Объединенных Наций.
00050|Для этого необходимо, чтобы наши углубленные дискуссии проходили в духе подлинного и конструктивного сотрудничества.|Для этого необходимо, чтобы наши углубленные дискуссии проходили в духе подлинного и конструктивного сотрудничества.
00051|– Как нельзя? – покраснев, спросил Коля.|– Как нельзя? – покраснев, спросил Коля.
00052|Я преисполнена решимости добиваться урегулированию всех наших проблем с соседней Индии посредством обсуждения.|Я преисполнена решимости добиваться урегулированию всех наших проблем с соседней Индии посредством обсуждения.
00053|И особую озабоченность вызывает тот тупик, в котором мы сегодня находимся.|И особую озабоченность вызывает тот тупик, в котором мы сегодня находимся.
00054|Мы твердо верим в правильность выбранных нами решений существующих проблем.|Мы твердо верим в правильность выбранных нами решений существующих проблем.
00055|Сейчас Ассамблея заслушает выступление президента Французской Республики господина Николя Саркози.|Сейчас Ассамблея заслушает выступление президента Французской Республики господина Николя Саркози.
00056|В этой связи мы приветствуем акцент на превентивной дипломатии.|В этой связи мы приветствуем акцент на превентивной дипломатии.
00057|Намерены подробно информировать Конференцию по разоружению о работе группы.|Намерены подробно информировать Конференцию по разоружению о работе группы.
00058|Усилия Китая в области спорта также находятся на новом решающем этапе.|Усилия Китая в области спорта также находятся на новом решающем этапе.
00059|Мы также обеспечиваем бесплатное лечение детей от раковых заболеваний.|Мы также обеспечиваем бесплатное лечение детей от раковых заболеваний.
00060|Следует поощрять диалог между сирийцами.|Следует поощрять диалог между сирийцами.
00061|Пожалуйста, Австралия, вам слово.|Пожалуйста, Австралия, вам слово.
00062|К счастью, в последнем мы наблюдаем некоторый прогресс.|К счастью, в последнем мы наблюдаем некоторый прогресс.
00063|И так, оба не высказав своего мнения, они разошлись.|И так, оба не высказав своего мнения, они разошлись.
00064|А сейчас слово имеет посол Бразилии Валлин Геррейру.|А сейчас слово имеет посол Бразилии Валлин Геррейру.
00065|Народы всех стран имеют право выбирать собственную судьбу и определять собственное будущее.|Народы всех стран имеют право выбирать собственную судьбу и определять собственное будущее.
00066|Существует широкое согласие в отношении необходимости расширения Совета при сохранении его эффективности.|Существует широкое согласие в отношении необходимости расширения Совета при сохранении его эффективности.
00067|Ярким примером тому является, несомненно, Конвенция по кассетным боеприпасам.|Ярким примером тому является, несомненно, Конвенция по кассетным боеприпасам.
00068|Он думал, шифром надежнее.|Он думал, шифром надежнее.
00069|Я также поздравляю членов Бюро.|Я также поздравляю членов Бюро.
00070|Необходимо как можно скорее возродить деятельность Международного комитета по развитию Лумбини.|Необходимо как можно скорее возродить деятельность Международного комитета по развитию Лумбини.
00071|Благодарю Вас, господин министр, за ваше обращение к настоящей Конференции.|Благодарю Вас, господин министр, за ваше обращение к настоящей Конференции.
00072|В этих усилиях нуждается мир, в котором мы сегодня живем.|В этих усилиях нуждается мир, в котором мы сегодня живем.
00073|Эта политика противоречит нормам международного гуманитарного права и резолюциям Организации Объединенных Наций.|Эта политика противоречит нормам международного гуманитарного права и резолюциям Организации Объединенных Наций.
00074|Поэтому Перу считает чрезвычайно важным, чтобы все государства признали юрисдикцию Суда.|Поэтому Перу считает чрезвычайно важным, чтобы все государства признали юрисдикцию Суда.
00075|Сирия представляет собой новую ситуацию, которая требует от всех нас совместных усилий.|Сирия представляет собой новую ситуацию, которая требует от всех нас совместных усилий.
00076|Важно, чтобы они и дальше выступали плечом к плечу для построения демократического общества.|Важно, чтобы они и дальше выступали плечом к плечу для построения демократического общества.
00077|Сейчас, когда я выступаю, регион переживает самую тяжелую засуху в жизни целого поколения.|Сейчас, когда я выступаю, регион переживает самую тяжелую засуху в жизни целого поколения.
00078|Поэтому постепенная ликвидация права вето является идеальным вариантом почти для всех делегаций.|Поэтому постепенная ликвидация права вето является идеальным вариантом почти для всех делегаций.
00079|Мы, в частности, постарались удовлетворить следующие пожелания.|Мы, в частности, постарались удовлетворить следующие пожелания.
00080|То, как ползала эта девочка, тоже очень понравилось ей.|То, как ползала эта девочка, тоже очень понравилось ей.
00081|Сзади её стоял мрачный здоровенный работник Немец, катавший её.|Сзади её стоял мрачный здоровенный работник Немец, катавший её.
00082|Нет, теперь я уже не поддамся на это!|Нет, теперь я уже не поддамся на это!
00083|Однако эту опасность следует рассматривать в перспективе.|Однако эту опасность следует рассматривать в перспективе.
00084|Исполняющий обязанности Председателя: Сейчас Ассамблея заслушает выступление премьер-министра Государства Израиль.|Исполняющий обязанности Председателя: Сейчас Ассамблея заслушает выступление премьер-министра Государства Израиль.
00085|Доверие является самой сутью и основой Договора о нераспространении ядерного оружия.|Доверие является самой сутью и основой Договора о нераспространении ядерного оружия.
00086|Скажи, что я перезвоню.|Скажи, что я перезвоню.
00087|Кубра на кубру щи варила, пришедши букара, да выхлебала.|Кубра на кубру щи варила, пришедши букара, да выхлебала.
00088|Здесь прекращаются записки Петра Андреевича Гринева.|Здесь прекращаются записки Петра Андреевича Гринева.
00089|Это означает создание необходимых для процветания людей и общин условий в области безопасности.|Это означает создание необходимых для процветания людей и общин условий в области безопасности.
00090|Она имеет серьезнейшие разрушительные последствия для людей, семей и целых общин по всему миру.|Она имеет серьезнейшие разрушительные последствия для людей, семей и целых общин по всему миру.
00091|Мы не являемся ни крупными импортерами, ни производителями стрелкового оружия и легких вооружений.|Мы не являемся ни крупными импортерами, ни производителями стрелкового оружия и легких вооружений.
00092|Перечень обсуждаемого оборудования, которое должно быть охвачено рамками договора, представляется достаточно широким и функциональным.|Перечень обсуждаемого оборудования, которое должно быть охвачено рамками договора, представляется достаточно широким и функциональным.
00093|Конференция лишь выиграет от его назначения Председателем.|Конференция лишь выиграет от его назначения Председателем.
00094|Общеизвестно, что параллельное мероприятие представляет собой параллельную деятельность, не связанную с Конференцией.|Общеизвестно, что параллельное мероприятие представляет собой параллельную деятельность, не связанную с Конференцией.
00095|Значит, договор подпишут сегодня?|Значит, договор подпишут сегодня?
00096|Малайзия придает огромную важность борьбе за сердца и умы афганцев.|Малайзия придает огромную важность борьбе за сердца и умы афганцев.
00097|Это замедляет темпы развития и даже обращает его вспять.|Это замедляет темпы развития и даже обращает его вспять.
00098|Каждый объект системы обладает своим собственным поведением|Каждый объект системы обладает своим собственным поведением
00099|Именно поэтому мы, в Афганистане, внимательно следим за положением на Ближнем Востоке.|Именно поэтому мы, в Афганистане, внимательно следим за положением на Ближнем Востоке.
00100|– Это не я. Но это, наверное, кто-нибудь из наших.|– Это не я. Но это, наверное, кто-нибудь из наших.
00101|– Мы точно с ним увиделись, но в каких обстоятельствах!..|– Мы точно с ним увиделись, но в каких обстоятельствах!..
00102|Они обратились сюда, в многосторонний орган.|Они обратились сюда, в многосторонний орган.
00103|Достоинство палестинцев ущемляется на ежедневной основе.|Достоинство палестинцев ущемляется на ежедневной основе.
00104|Южная Африка призывает вкладывать больше средств в сельское хозяйство и инфраструктуру континента.|Южная Африка призывает вкладывать больше средств в сельское хозяйство и инфраструктуру континента.
00105|Нормативы|Нормативы
00106|"""Чего не узнает?"|"""Чего не узнает?"
00107|Я не могу вам отказать, хотя мы и решили пока его отложить.|Я не могу вам отказать, хотя мы и решили пока его отложить.
00108|Любил очень лежать и курить люльку.|Любил очень лежать и курить люльку.
00109|В этом году обнародован закон, предоставляющий право голоса камерунцам, проживающим за границей.|В этом году обнародован закон, предоставляющий право голоса камерунцам, проживающим за границей.
00110|– Теперь скажи, в каком состоянии ваш город.|– Теперь скажи, в каком состоянии ваш город.
00111|Кони мотали мордами, жевали сено.|Кони мотали мордами, жевали сено.
00112|Индия придает важнейшее значение Суду как главному судебному органу Организации Объединенных Наций.|Индия придает важнейшее значение Суду как главному судебному органу Организации Объединенных Наций.
00113|Следовательно, рассмотрение ежегодного доклада - это один из наиболее важных элементов этих взаимоотношений.|Следовательно, рассмотрение ежегодного доклада - это один из наиболее важных элементов этих взаимоотношений.
00114|Мы призываем Агентство продолжать работу по разработке ториевого топливного цикла.|Мы призываем Агентство продолжать работу по разработке ториевого топливного цикла.
00115|Необходимо обобщать ее опыт и извлеченные уроки, а также изучать передовую практику.|Необходимо обобщать ее опыт и извлеченные уроки, а также изучать передовую практику.
00116|Варенька и в счастливом благоустроенном доме Левиных сумела быть полезною.|Варенька и в счастливом благоустроенном доме Левиных сумела быть полезною.
00117|Затем ультиматум через аккредитованного посла вручается правителю враждебной державы.|Затем ультиматум через аккредитованного посла вручается правителю враждебной державы.
00118|Но это сновидение, как кошмар, давило ее, и она просыпалась с ужасом.|Но это сновидение, как кошмар, давило ее, и она просыпалась с ужасом.
00119|В подтверждение сказанного я привел лишь несколько примеров.|В подтверждение сказанного я привел лишь несколько примеров.
00120|Нам также нужно серьезно относиться к проблеме ядерного терроризма.|Нам также нужно серьезно относиться к проблеме ядерного терроризма.
00121|Болгария также с глубоким удовлетворением отмечает проведение совещания высокого уровня по ядерной безопасности.|Болгария также с глубоким удовлетворением отмечает проведение совещания высокого уровня по ядерной безопасности.
00122|Они что, зря погибли?|Они что, зря погибли?
00123|Взаимодействие с монитором, мышью, клавиатурой и прочим|Взаимодействие с монитором, мышью, клавиатурой и прочим
00124|Девочки, давайте лучше в круг!..|Девочки, давайте лучше в круг!..
00125|Тем не менее я ценю ваше заявление.|Тем не менее я ценю ваше заявление.
00126|Договор о торговле оружием также будет способствовать укреплению доверия в области обычных вооружений.|Договор о торговле оружием также будет способствовать укреплению доверия в области обычных вооружений.
00127|Понятно, что Конференция по разоружению переживает глубокий кризис.|Понятно, что Конференция по разоружению переживает глубокий кризис.
00128|Наездники, рассеясь, тотчас ускакали из виду, и степь опустела.|Наездники, рассеясь, тотчас ускакали из виду, и степь опустела.
00129|Само его применение станет грубейшим попранием международных норм, касающихся недопущения геноцида.|Само его применение станет грубейшим попранием международных норм, касающихся недопущения геноцида.
00130|Нельзя принижать вклад лидеров индустрии, которые сделали лекарства более дешевыми и доступными.|Нельзя принижать вклад лидеров индустрии, которые сделали лекарства более дешевыми и доступными.
00131|Это отрадный признак.|Это отрадный признак.
00132|Мы по-прежнему не видим веских причин для дальнейшей оттяжки начала этих переговоров.|Мы по-прежнему не видим веских причин для дальнейшей оттяжки начала этих переговоров.
00133|Со времени своего создания Суд имеет дело с широким кругом сложных правовых вопросов.|Со времени своего создания Суд имеет дело с широким кругом сложных правовых вопросов.
00134|Я надеюсь, что мы не тратим время впустую, пытаясь выработать программу работы.|Я надеюсь, что мы не тратим время впустую, пытаясь выработать программу работы.
00135|В связи с этим Турция поддержала эту резолюцию.|В связи с этим Турция поддержала эту резолюцию.
00136|Эти перемены были связаны с ускорением изменений, вызванных различными факторами.|Эти перемены были связаны с ускорением изменений, вызванных различными факторами.
00137|Левин слушал неохотно и сначала возражал.|Левин слушал неохотно и сначала возражал.
00138|Но стон не утихал.|Но стон не утихал.
00139|Шли из мест таких, которых нету глуше, - прадеды, прапрадеды и пра пра пра!..|Шли из мест таких, которых нету глуше, - прадеды, прапрадеды и пра пра пра!..
00140|Она вчера очень устала.|Она вчера очень устала.
00141|Вот он идет по коридору на кухню.|Вот он идет по коридору на кухню.
00142|болезнь|болезнь
00143|Вы разве не замечали?|Вы разве не замечали?
00144|Всё нормально|Всё нормально
00145|И вот теперь на моей щеке горит, как раньше говорили, несмываемый позор.|И вот теперь на моей щеке горит, как раньше говорили, несмываемый позор.
00146|О! что я испытывал в этот момент!|О! что я испытывал в этот момент!
00147|Почему это место называется престол, неизвестно.|Почему это место называется престол, неизвестно.
00148|Не мешай мне, доброму молодцу, думу думати.|Не мешай мне, доброму молодцу, думу думати.
00149|Оторвалась отовсюду!|Оторвалась отовсюду!
00150|Губы его были строго сжаты, и глаза не смотрели на нее.|Губы его были строго сжаты, и глаза не смотрели на нее.
00151|Месяц|Месяц
00152|Левин у Долли в деревне.|Левин у Долли в деревне.
00153|Он молодил его.|Он молодил его.
00154|Все замолчали.|Все замолчали.
00155|Беды большой нет.|Беды большой нет.
00156|Но лоб его не разгладился.|Но лоб его не разгладился.
00157|давно|давно
00158|Если я что-нибудь говорю, значит, это правильно.|Если я что-нибудь говорю, значит, это правильно.
00159|Сено же будет!|Сено же будет!
00160|Всё умное так надоело...|Всё умное так надоело...
00161|У него не было даже рук и ног.|У него не было даже рук и ног.
00162|И почему-то всем стало неловко.|И почему-то всем стало неловко.
00163|Мне отмщение, и Аз воздам.|Мне отмщение, и Аз воздам.
00164|Ты любишь меня?|Ты любишь меня?
00165|В особенности он чувствовал непрочность и неестественность своих отношений с женою.|В особенности он чувствовал непрочность и неестественность своих отношений с женою.
00166|Ну как же ты не дик?|Ну как же ты не дик?
00167|– Это ты укрыл меня ночью простынею?|– Это ты укрыл меня ночью простынею?
00168|Пустые, глупые слова!|Пустые, глупые слова!
00169|Входит его жена в одной рубашке и с зонтом.|Входит его жена в одной рубашке и с зонтом.
00170|Где вы работаете?|Где вы работаете?
00171|О важном?|О важном?
00172|достаточно|достаточно
00173|Мелкие домашние заботы и хлопоты.|Мелкие домашние заботы и хлопоты.
00174|Это ошибка.|Это ошибка.
00175|Или поедем куда-нибудь.|Или поедем куда-нибудь.
00176|Какие будут плоды труда?|Какие будут плоды труда?
00177|Сердце его радостно сжалось.|Сердце его радостно сжалось.
00178|На следующий день, когда Ольга сидела на террасе, через калитку прошел командир.|На следующий день, когда Ольга сидела на террасе, через калитку прошел командир.
00179|- Перестаньте, - испуганно зашептал я.|- Перестаньте, - испуганно зашептал я.
00180|Как всё было хорошо!|Как всё было хорошо!
00181|Пришлось опять пойти в аптеку и заклеить пластырем щеку.|Пришлось опять пойти в аптеку и заклеить пластырем щеку.
00182|Поезд замедляет ход.|Поезд замедляет ход.
00183|Хорош, нечего сказать!|Хорош, нечего сказать!
00184|Левин у брата Сергея Ивановича Кознышева.|Левин у брата Сергея Ивановича Кознышева.
00185|Нет, свист не повторялся.|Нет, свист не повторялся.
00186|Из харчевни выглянул хозяин.|Из харчевни выглянул хозяин.
00187|Люди начинают возвращаться в небольших количествах.|Люди начинают возвращаться в небольших количествах.
00188|Мы считаем также, что интересы безопасности государств выходят за рамки узко определенных регионов.|Мы считаем также, что интересы безопасности государств выходят за рамки узко определенных регионов.
00189|Отправление правосудия в Организации Объединенных Наций.|Отправление правосудия в Организации Объединенных Наций.
00190|А между тем все пострадавшие имеют имя и семью.|А между тем все пострадавшие имеют имя и семью.
00191|Мы считаем, что такой кодекс внесет значительный вклад в осуществление Конвенции.|Мы считаем, что такой кодекс внесет значительный вклад в осуществление Конвенции.
00192|Я рассчитываю на лидерство и приверженность государств-членов в этом деле.|Я рассчитываю на лидерство и приверженность государств-членов в этом деле.
00193|Оно тем более несовместимо с целями и принципами Устава Организации Объединенных Наций.|Оно тем более несовместимо с целями и принципами Устава Организации Объединенных Наций.
00194|В первую очередь, она должна проделать собственную домашнюю работу по стабилизации экономики.|В первую очередь, она должна проделать собственную домашнюю работу по стабилизации экономики.
00195|Взаимоотношения между страновыми структурами и названными субъектами нуждаются в более четком прояснении и укреплении.|Взаимоотношения между страновыми структурами и названными субъектами нуждаются в более четком прояснении и укреплении.
00196|Поэтому Агентство должно призвать эти западные государства к ответу за эти нарушения.|Поэтому Агентство должно призвать эти западные государства к ответу за эти нарушения.
00197|Я также просил предоставить государствам-членам возможность высказать их мнения по поводу происходящего.|Я также просил предоставить государствам-членам возможность высказать их мнения по поводу происходящего.
00198|Всевозможные кризисы подступают к нам со всех сторон, но международное сообщество не является беспомощным.|Всевозможные кризисы подступают к нам со всех сторон, но международное сообщество не является беспомощным.
00199|Мы будем и впредь вносить вклад в построение народами планеты более светлого будущего.|Мы будем и впредь вносить вклад в построение народами планеты более светлого будущего.
00200|Все языки являются выражением мыслей, знаний и опыта.|Все языки являются выражением мыслей, знаний и опыта.
00201|Эти примеры резко контрастируют с неспособностью эффективно отреагировать на ситуацию в Сирии.|Эти примеры резко контрастируют с неспособностью эффективно отреагировать на ситуацию в Сирии.
00202|Италия играет важную роль в посреднических усилиях, осуществляемых в Ливане.|Италия играет важную роль в посреднических усилиях, осуществляемых в Ливане.
00203|Она сыграла решающую роль в оказании помощи странам Африканского Рога.|Она сыграла решающую роль в оказании помощи странам Африканского Рога.
00204|Косметические реформы или преднамеренное затягивание давно назревших реформ серьезно подрывают потенциал эффективного реагирования организаций.|Косметические реформы или преднамеренное затягивание давно назревших реформ серьезно подрывают потенциал эффективного реагирования организаций.
00205|Мы знаем, кто мы и как мы будем жить.|Мы знаем, кто мы и как мы будем жить.
00206|Сейчас я предоставляю слово помощнику президента Беларуси по внешней политике Его Превосходительству Валентину Рыбакову.|Сейчас я предоставляю слово помощнику президента Беларуси по внешней политике Его Превосходительству Валентину Рыбакову.
00207|"Существует ""окно возможностей"" для решения этого вопроса превентивным образом."|"Существует ""окно возможностей"" для решения этого вопроса превентивным образом."
00208|Но мы должны также признать, что деградация земель - это проблема не только засушливых районов.|Но мы должны также признать, что деградация земель - это проблема не только засушливых районов.
00209|Я убежден, что этот прорыв в осознании, ставший результатом страданий, приведет к новому миропорядку.|Я убежден, что этот прорыв в осознании, ставший результатом страданий, приведет к новому миропорядку.
00210|Ситуация в Сирии является очень серьезной.|Ситуация в Сирии является очень серьезной.
00211|Как я уже упоминал, он учитывает, используя хорошо продуманные формулировки, и другие темы.|Как я уже упоминал, он учитывает, используя хорошо продуманные формулировки, и другие темы.
00212|Морская эрозия означает не только размывание побережья.|Морская эрозия означает не только размывание побережья.
00213|Кроме того, к числу соавторов данного проекта резолюции присоединились также Ботсвана и Нигерия.|Кроме того, к числу соавторов данного проекта резолюции присоединились также Ботсвана и Нигерия.
00214|В докладе отмечается, что значительная часть деятельности и усилий Совета Безопасности проводится в Африке.|В докладе отмечается, что значительная часть деятельности и усилий Совета Безопасности проводится в Африке.
00215|Как перейти от решений к действиям?|Как перейти от решений к действиям?
00216|Мы должны стремиться выиграть глобальную игру в борьбе с неинфекционными заболеваниями.|Мы должны стремиться выиграть глобальную игру в борьбе с неинфекционными заболеваниями.
00217|Что касается права вето, то мы выступаем за его полное упразднение.|Что касается права вето, то мы выступаем за его полное упразднение.
00218|Мы также призываем всех партнеров продолжать соблюдение своих обязательств в области развития Гаити.|Мы также призываем всех партнеров продолжать соблюдение своих обязательств в области развития Гаити.
00219|Полный текст моего выступления распространен.|Полный текст моего выступления распространен.
00220|Широкую поддержку встретили также меры, принимаемые Генеральным секретарем по реформированию Организации Объединенных Наций.|Широкую поддержку встретили также меры, принимаемые Генеральным секретарем по реформированию Организации Объединенных Наций.
00221|Но я также хочу сказать следующее.|Но я также хочу сказать следующее.
00222|Мы считаем, что положения, касающиеся мирного разрешения споров, по-прежнему применяются Советом крайне недостаточно.|Мы считаем, что положения, касающиеся мирного разрешения споров, по-прежнему применяются Советом крайне недостаточно.
00223|Более частыми становятся такие экстремальные погодные условия, как наводнения.|Более частыми становятся такие экстремальные погодные условия, как наводнения.
00224|И он был счастлив этим.|И он был счастлив этим.
00225|Или инженер получает двадцать тысяч.|Или инженер получает двадцать тысяч.
00226|За раком плыла голая лягушка.|За раком плыла голая лягушка.
00227|Сафо, закурив папиросу, ушла в сад с двумя молодыми людьми.|Сафо, закурив папиросу, ушла в сад с двумя молодыми людьми.
00228|Студент вздрогнул и медленно обернулся к нам: - Что же это?|Студент вздрогнул и медленно обернулся к нам: - Что же это?
00229|Но Анна не слушала ее.|Но Анна не слушала ее.
00230|Как бы это было хорошо!|Как бы это было хорошо!
00231|Так, пожалуйста, приезжай обедать.|Так, пожалуйста, приезжай обедать.
00232|Как здоровые!|Как здоровые!
00233|Почему он ушёл на цыпочках?|Почему он ушёл на цыпочках?
00234|Неприятельский солдат.|Неприятельский солдат.
00235|Игорь|Игорь
00236|Даже Алексей Александрович улыбнулся.|Даже Алексей Александрович улыбнулся.
00237|Левин возвратился к вечеру домой.|Левин возвратился к вечеру домой.
00238|Ничего, прошло.|Ничего, прошло.
00239|А через дыры заборов тихо и бесшумно проскальзывали все новые и новые люди.|А через дыры заборов тихо и бесшумно проскальзывали все новые и новые люди.
00240|Смеясь, он дерзко презирал Земли чужой язык и нравы;|Смеясь, он дерзко презирал Земли чужой язык и нравы;
00241|Ему захотелось есть и спать.|Ему захотелось есть и спать.
00242|Я покорилась ему.|Я покорилась ему.
00243|Другой раз минут двадцать смеются.|Другой раз минут двадцать смеются.
00244|Кити испуганно смотрела на нее, подходя.|Кити испуганно смотрела на нее, подходя.
00245|И я знаю много таких.|И я знаю много таких.
00246|Вот именно поэтому я так рад за тебя.|Вот именно поэтому я так рад за тебя.
00247|Дядя, вы лучше стул поставьте на место!|Дядя, вы лучше стул поставьте на место!
00248|Тяжесть душевного состояния Левина.|Тяжесть душевного состояния Левина.
00249|Смерть науки старожилам!|Смерть науки старожилам!
00250|Любовь к Кити Щербацкой.|Любовь к Кити Щербацкой.
00251|За деньгами остановки не бывает.|За деньгами остановки не бывает.
00252|И, теперь только вспомнив, покраснел.|И, теперь только вспомнив, покраснел.
00253|Народ от поезда бежал назад.|Народ от поезда бежал назад.
00254|И в помощники вам - Каренина.|И в помощники вам - Каренина.
00255|Даже боятся за ее жизнь.|Даже боятся за ее жизнь.
00256|Так я понимаю.|Так я понимаю.
00257|Тимур кинул на кровать кусочек коры и тихонько позвал: – Коля, вставай!|Тимур кинул на кровать кусочек коры и тихонько позвал: – Коля, вставай!
00258|Старый университет.|Старый университет.
00259|Но тут хулиганы подошли ближе и начали ей в ухо громко свистеть.|Но тут хулиганы подошли ближе и начали ей в ухо громко свистеть.
00260|Они не виноваты.|Они не виноваты.
00261|Главное - нравственное воспитание.|Главное - нравственное воспитание.
00262|У меня свои сады и свои огороды.|У меня свои сады и свои огороды.
00263|Мы туда идем, - сказала Долли.|Мы туда идем, - сказала Долли.
00264|Мальчишки издали наблюдают за мной.|Мальчишки издали наблюдают за мной.
00265|Или души задушены Сибирей саваном?|Или души задушены Сибирей саваном?
00266|Появились дворники.|Появились дворники.
00267|Озноб еще не прошел.|Озноб еще не прошел.
00268|Но не дворянство.|Но не дворянство.
00269|Однако ведь это нельзя.|Однако ведь это нельзя.
00270|Для чего?|Для чего?
00271|Жена ждет тебя.|Жена ждет тебя.
00272|Мюлуз - французское название города Мюльгаузена.|Мюлуз - французское название города Мюльгаузена.
00273|Это была Кити.|Это была Кити.
00274|Делайте, как хотите, - говорил он.|Делайте, как хотите, - говорил он.
00275|Вот оно!|Вот оно!
00276|Вот нынче сад насадил.|Вот нынче сад насадил.
00277|И было одно средство - смерть.|И было одно средство - смерть.
00278|– Это Тимки Гараева дядя.|– Это Тимки Гараева дядя.
00279|Он неоднократно занимался изучением серьезных нарушений прав человека, совершенных Израилем в отношении палестинского народа.|Он неоднократно занимался изучением серьезных нарушений прав человека, совершенных Израилем в отношении палестинского народа.
00280|– К тебе навстречу.|– К тебе навстречу.
00281|Тимур вас ограбил?|Тимур вас ограбил?
00282|– Совсем не плохой, но вы очень хорошо играете и поете.|– Совсем не плохой, но вы очень хорошо играете и поете.
00283|"Другая часть загружена максимально и выполняемые процессы ""тормозят"""|"Другая часть загружена максимально и выполняемые процессы ""тормозят"""
00284|– Да, но вы могли стоять и слушать с улицы.|– Да, но вы могли стоять и слушать с улицы.
00285|Письма и телеграммы эти были теплые и ласковые.|Письма и телеграммы эти были теплые и ласковые.
00286|"""Ах, как ваша сестра прекрасно играет!"" Прекрасно!"|"""Ах, как ваша сестра прекрасно играет!"" Прекрасно!"
00287|Это большая потеря для европейской цивилизации и всё такое, но как же это красиво|Это большая потеря для европейской цивилизации и всё такое, но как же это красиво
00288|– Тише! – прервал меня Пугачев.|– Тише! – прервал меня Пугачев.
00289|Наконец пришли разведчики.|Наконец пришли разведчики.
00290|– Рви фонари с руками!|– Рви фонари с руками!
00291|Кто-то включил свет над ларьком, и столпившиеся люди увидели над палаткой такой плакат:|Кто-то включил свет над ларьком, и столпившиеся люди увидели над палаткой такой плакат:
00292|– Ольга положила на стол полученную ночью телеграмму и вышла.|– Ольга положила на стол полученную ночью телеграмму и вышла.
00293|В эту минуту скрыпнула дверь.|В эту минуту скрыпнула дверь.
00294|"""Это тебе так не пройдет, – сказал он, стиснув мне руку."|"""Это тебе так не пройдет, – сказал он, стиснув мне руку."
00295|– Беда, Женя!|– Беда, Женя!
00296|"Дай ему мой заячий тулуп""."|"Дай ему мой заячий тулуп""."
00297|– Что я могу для тебя сделать? Говори.|– Что я могу для тебя сделать? Говори.
00298|Сейчас я хотел бы сделать заявления в моем национальном качестве.|Сейчас я хотел бы сделать заявления в моем национальном качестве.
00299|Положи инструмент на место! – вскакивая, крикнула Ольга.|Положи инструмент на место! – вскакивая, крикнула Ольга.
00300|"– Отведи господину офицеру квартиру, да почище""."|"– Отведи господину офицеру квартиру, да почище""."
00301|Дай срок, то ли еще будет, как пойду на Москву.|Дай срок, то ли еще будет, как пойду на Москву.
00302|В телеграмме было написано:|В телеграмме было написано:
00303|"Я беру на себя устроить ваше состояние""."|"Я беру на себя устроить ваше состояние""."
00304|Какой же ад бывает|Какой же ад бывает
00305|– К ней только изредка нужно подходить и поправлять под ее головой подушку.|– К ней только изредка нужно подходить и поправлять под ее головой подушку.
00306|"""Так ты женат!"" – сказал я Швабрину, готовяся его растерзать."|"""Так ты женат!"" – сказал я Швабрину, готовяся его растерзать."
00307|"Ну, садись на облучок""."|"Ну, садись на облучок""."
00308|– Это такое международное слово.|– Это такое международное слово.
00309|– Ольга совсем не злая, у нее такой характер.|– Ольга совсем не злая, у нее такой характер.
00310|Проще говоря, это оружие, которому больше нет места в нашем международном порядке.|Проще говоря, это оружие, которому больше нет места в нашем международном порядке.
00311|– Позвольте спросить, кто вы таковы?|– Позвольте спросить, кто вы таковы?
00312|"""Пустяки! – сказал комендант."|"""Пустяки! – сказал комендант."
00313|Меня снова повели к самозванцу и поставили перед ним на колени.|Меня снова повели к самозванцу и поставили перед ним на колени.
00314|– Затейлива, – отвечал я ему.|– Затейлива, – отвечал я ему.
00315|– Что это с тобою сделалось? – спросил изумленный комендант.|– Что это с тобою сделалось? – спросил изумленный комендант.
00316|Однако согласиться со столь пристрастными докладами невозможно.|Однако согласиться со столь пристрастными докладами невозможно.
00317|И мы будем продолжать придерживаться этой позиции.|И мы будем продолжать придерживаться этой позиции.
00318|И мы должны добиться внутреннего примирения и единства.|И мы должны добиться внутреннего примирения и единства.
00319|Поэтому признание реальных озабоченностей и потребностей молодых людей - это сегодня абсолютный императив.|Поэтому признание реальных озабоченностей и потребностей молодых людей - это сегодня абсолютный императив.
00320|Но давайте смиримся с этим, успокаивая себя тем, что деяния Всевышнего не подлежат сомнению.|Но давайте смиримся с этим, успокаивая себя тем, что деяния Всевышнего не подлежат сомнению.
00321|Что-то победоносное и гордое засветилось в лице Варвары Петровны.|Что-то победоносное и гордое засветилось в лице Варвары Петровны.
00322|Я не могла без жалости смотреть на него.|Я не могла без жалости смотреть на него.
00323|Ну что, Кити, ты опять каталась на коньках?..|Ну что, Кити, ты опять каталась на коньках?..
00324|Они теперь в прежней диванной, - отпыхиваясь говорил швейцар.|Они теперь в прежней диванной, - отпыхиваясь говорил швейцар.
00325|Дарья Александровна села на садовую скамейку в углу аллеи.|Дарья Александровна села на садовую скамейку в углу аллеи.
00326|Совет должен подходить ко всем странам беспристрастно и объективно.|Совет должен подходить ко всем странам беспристрастно и объективно.
00327|Я не понимаю, как можно быть такой неосторожной!|Я не понимаю, как можно быть такой неосторожной!
00328|Это милое дитя, так же как этот наш хозяин.|Это милое дитя, так же как этот наш хозяин.
00329|Создание этого Агентства свидетельствует о том значении, которое Южная Африка придает молодежной проблематике.|Создание этого Агентства свидетельствует о том значении, которое Южная Африка придает молодежной проблематике.
00330|Я также благодарю Вас и Генерального секретаря за выступления.|Я также благодарю Вас и Генерального секретаря за выступления.
00331|Не может же Кедров драться с этим господином!|Не может же Кедров драться с этим господином!
00332|Однако транспарентность и доступность никогда не должны подрывать безопасность Суда.|Однако транспарентность и доступность никогда не должны подрывать безопасность Суда.
00333|Сегодняшние прения - это продолжение этого состоявшегося почти год назад совещания.|Сегодняшние прения - это продолжение этого состоявшегося почти год назад совещания.
00334|Что-то оборвалось в сердце Дарьи Александровны, когда она увидала это.|Что-то оборвалось в сердце Дарьи Александровны, когда она увидала это.
00335|Разве можно продавать воду?|Разве можно продавать воду?
00336|Левин замолчал, и они вместе вошли в большую залу.|Левин замолчал, и они вместе вошли в большую залу.
00337|Мы должны охватить первичным медико-санитарным обслуживанием население на всей территории Южного Судана.|Мы должны охватить первичным медико-санитарным обслуживанием население на всей территории Южного Судана.
00338|Никому они не мешали, и всем было приятно.|Никому они не мешали, и всем было приятно.
00339|Инженер нахмурился, покраснел, вскинул плечами и пошел было из комнаты.|Инженер нахмурился, покраснел, вскинул плечами и пошел было из комнаты.
00340|Как известно членам Ассамблеи, сейчас Совет по правам человека начинает свой пятый цикл.|Как известно членам Ассамблеи, сейчас Совет по правам человека начинает свой пятый цикл.
00341|Петр Степанович сильно дернул его за рукав.|Петр Степанович сильно дернул его за рукав.
00342|Государствам абсолютно необходимо выполнять свои обязательства в ее рамках.|Государствам абсолютно необходимо выполнять свои обязательства в ее рамках.
00343|В этой связи Коста-Рика решительно осуждает террористические акты, произошедшие в Норвегии во вторник.|В этой связи Коста-Рика решительно осуждает террористические акты, произошедшие в Норвегии во вторник.
00344|Мы также назначили посланников по делам молодежи, включая такого посланника при Организации Объединенных Наций.|Мы также назначили посланников по делам молодежи, включая такого посланника при Организации Объединенных Наций.
00345|Маврикий Николаевич нахмурился и на минуту потупил голову.|Маврикий Николаевич нахмурился и на минуту потупил голову.
00346|Сейчас я поставлю на голосование проект резолюции в целом.|Сейчас я поставлю на голосование проект резолюции в целом.
00347|Необходимо и далее прилагать усилия для адаптации систем образования к реалиям современного рынка труда.|Необходимо и далее прилагать усилия для адаптации систем образования к реалиям современного рынка труда.
00348|Он остановился у своего вагона, ожидая ее выхода.|Он остановился у своего вагона, ожидая ее выхода.
00349|Однако ясно, что нельзя навязать политическую волю государствам-членам.|Однако ясно, что нельзя навязать политическую волю государствам-членам.
00350|Ей казалось несомненным, что теперь положение ее навсегда определится.|Ей казалось несомненным, что теперь положение ее навсегда определится.
00351|Такие меры очень важны для создания прочного фундамента дальнейших усилий в области разоружения.|Такие меры очень важны для создания прочного фундамента дальнейших усилий в области разоружения.
00352|Представитель этой ядерной державы заявил:|Представитель этой ядерной державы заявил:
00353|Так грубо пойманный, Лембке был сильно пикирован.|Так грубо пойманный, Лембке был сильно пикирован.
00354|Он опустил глаза и не знал, что сказать.|Он опустил глаза и не знал, что сказать.
00355|Конференцию по разоружению как таковую обвинять нельзя.|Конференцию по разоружению как таковую обвинять нельзя.
00356|В нынешнем же году назначены были офицерские скачки с препятствиями.|В нынешнем же году назначены были офицерские скачки с препятствиями.
00357|С этой целью данный орган призван избрать всесторонний, комплексный и прагматичный подход.|С этой целью данный орган призван избрать всесторонний, комплексный и прагматичный подход.
00358|Новые члены привнесут новую энергию и новые идеи.|Новые члены привнесут новую энергию и новые идеи.
00359|Должно поощряться более широкое участие гражданского общества в работе этого органа.|Должно поощряться более широкое участие гражданского общества в работе этого органа.
00360|Петрицкий пошел за перегородку и лег на свою кровать.|Петрицкий пошел за перегородку и лег на свою кровать.
00361|Последствия иракской оккупации Кувейта и агрессии против него.|Последствия иракской оккупации Кувейта и агрессии против него.
00362|Он взглянул на небо во время натачиванья косы.|Он взглянул на небо во время натачиванья косы.
00363|В уединении, особенно по ночам, он выносил неприятнейшие минуты.|В уединении, особенно по ночам, он выносил неприятнейшие минуты.
00364|Оба сами себя выдавали и, главное, не церемонились.|Оба сами себя выдавали и, главное, не церемонились.
00365|Мы хотим также сделать краткое заявление в нашем национальном качестве.|Мы хотим также сделать краткое заявление в нашем национальном качестве.
00366|Конференция по разоружению должна стать более открытой и более инклюзивной.|Конференция по разоружению должна стать более открытой и более инклюзивной.
00367|Он является также органом международного правосудия, действующим в интересах всего международного сообщества.|Он является также органом международного правосудия, действующим в интересах всего международного сообщества.
00368|Не бейте меня по голове, это мое больное место.|Не бейте меня по голове, это мое больное место.
00369|– Как изволите видеть.|– Как изволите видеть.
00370|Ввечеру быть уже сговору, так не пора ли ей сказать, что выдают ее замуж?|Ввечеру быть уже сговору, так не пора ли ей сказать, что выдают ее замуж?
00371|Господь помог, наткнулись прямо на забор.|Господь помог, наткнулись прямо на забор.
00372|– Долг мой повиноваться приказу.|– Долг мой повиноваться приказу.
00373|Нет, я еще не забыла твой голос.|Нет, я еще не забыла твой голос.
00374|– Только отпустите меня.|– Только отпустите меня.
00375|Первый раз в жизни проспала.|Первый раз в жизни проспала.
00376|Где она?|Где она?
00377|Он у тебя замечательный.|Он у тебя замечательный.
00378|Вы меня уже заставили волноваться.|Вы меня уже заставили волноваться.
00379|У меня к Вам.|У меня к Вам.
00380|Ваш поступок не имеет названия.|Ваш поступок не имеет названия.
00381|Оленька, а я тебя жду.|Оленька, а я тебя жду.
00382|Рыжова по уши втрескалась в Самохвалова и забрасывает его любовными письмами!|Рыжова по уши втрескалась в Самохвалова и забрасывает его любовными письмами!
00383|Не следовало всего этого надевать.|Не следовало всего этого надевать.
00384|Если сию секунду не замолчите, я сожгу это платье на Ваших глазах!|Если сию секунду не замолчите, я сожгу это платье на Ваших глазах!
00385|Тяжелые, как удар.|Тяжелые, как удар.
00386|Как не хочется.|Как не хочется.
00387|– Ну, – продолжал Зурин, – так и быть.|– Ну, – продолжал Зурин, – так и быть.
00388|Что ты сегодня так разоврался, мой батюшка?|Что ты сегодня так разоврался, мой батюшка?
00389|Марья Ивановна заикнулась и покраснела.|Марья Ивановна заикнулась и покраснела.
00390|А на что мы пойдем?|А на что мы пойдем?
00391|Придётся снова сходить в магазин.|Придётся снова сходить в магазин.
00392|Садитесь, я сейчас посыплю Вас солью и все сойдет.|Садитесь, я сейчас посыплю Вас солью и все сойдет.
00393|А и правда, никакой.|А и правда, никакой.
00394|Чувствуйте себя, как дома.|Чувствуйте себя, как дома.
00395|Я привыкла командовать.|Я привыкла командовать.
00396|Я так взволнована Вашим признанием.|Я так взволнована Вашим признанием.
00397|Зачем вы полезли на балкон?|Зачем вы полезли на балкон?
00398|"""Что же ты стоишь!"" – закричал я сердито."|"""Что же ты стоишь!"" – закричал я сердито."
00399|Вы мне отказываете?|Вы мне отказываете?
00400|Всем хорошо!|Всем хорошо!
00401|Рядовой сотрудник с рядовой зарплатой и сомнительной внешностью.|Рядовой сотрудник с рядовой зарплатой и сомнительной внешностью.
00402|Ты думаешь, я ничего не понимаю?|Ты думаешь, я ничего не понимаю?
00403|Если Вы директорша, Вы думаете, все можете себе позволять?|Если Вы директорша, Вы думаете, все можете себе позволять?
00404|Простим друг друга.|Простим друг друга.
00405|Вы совершенно напрасно.|Вы совершенно напрасно.
00406|И все сотру!|И все сотру!
00407|– Со мною, – отвечал Максимыч, положив руку за пазуху.|– Со мною, – отвечал Максимыч, положив руку за пазуху.
00408|Я купил краску покрасить балкон, а они покрасили на кухне двери.|Я купил краску покрасить балкон, а они покрасили на кухне двери.
00409|– Через полчаса я уеду, – сказал он Ольге.|– Через полчаса я уеду, – сказал он Ольге.
00410|А в том, что я Вам не верю.|А в том, что я Вам не верю.
00411|Я не хочу его чернить, он способный, несомненно справится, а понять его легко.|Я не хочу его чернить, он способный, несомненно справится, а понять его легко.
00412|Пулеметы на линию огня!..|Пулеметы на линию огня!..
00413|Живо ложитесь спать.|Живо ложитесь спать.
00414|Я убеждена в невинности вашего жениха.|Я убеждена в невинности вашего жениха.
00415|По моей ноге скачет блоха.|По моей ноге скачет блоха.
00416|Он мало путешествовал и ничего не видел.|Он мало путешествовал и ничего не видел.
00417|Я видела вчера, как по каналу шёл милиционер и нёс на руках красный свёрток.|Я видела вчера, как по каналу шёл милиционер и нёс на руках красный свёрток.
00418|И дупеля есть.|И дупеля есть.
00419|Как она?|Как она?
00420|Это прямое и простое отношение к своему положению понравилось Голенищеву.|Это прямое и простое отношение к своему положению понравилось Голенищеву.
00421|Прошу Всевышнего о милосердии к вам.|Прошу Всевышнего о милосердии к вам.
00422|Зубной врач.|Зубной врач.
00423|Но это может её испугать.|Но это может её испугать.
00424|И верно ангельский быть должен голосок! Спой, светик, не стыдись!|И верно ангельский быть должен голосок! Спой, светик, не стыдись!
00425|Благовидная молодайка с полными, оттягивавшими ей плечи ведрами прошла в сени.|Благовидная молодайка с полными, оттягивавшими ей плечи ведрами прошла в сени.
00426|Я, не оглядываясь, побежал дальше.|Я, не оглядываясь, побежал дальше.
00427|А ты как поживал?|А ты как поживал?
00428|Дочь командира нечаянно попала в засаду.|Дочь командира нечаянно попала в засаду.
00429|Я смотрю в окно и вижу, как дворник метет улицу.|Я смотрю в окно и вижу, как дворник метет улицу.
00430|Сейчас будет пятерка.|Сейчас будет пятерка.
00431|Зачем вы меня вызвали?|Зачем вы меня вызвали?
00432|Это я открыл.|Это я открыл.
00433|Но слова были сказаны.|Но слова были сказаны.
00434|Ну, пойдем.|Ну, пойдем.
00435|И эти части смотрели на другие части и на меня.|И эти части смотрели на другие части и на меня.
00436|Так ехать за детьми?|Так ехать за детьми?
00437|Стала профессорша курицу ловить, а курица забилась под диван и оттуда уже кроликом выглядывает.|Стала профессорша курицу ловить, а курица забилась под диван и оттуда уже кроликом выглядывает.
00438|О счастьи кончилась мечта.|О счастьи кончилась мечта.
00439|Но за что я его ценю, так это за то, что он мне покорен.|Но за что я его ценю, так это за то, что он мне покорен.
00440|Ну имей совесть! Вылезти на экран в такое время суток...|Ну имей совесть! Вылезти на экран в такое время суток...
00441|Теперь я всё понимаю.|Теперь я всё понимаю.
00442|Отчего же не подать ему руки?|Отчего же не подать ему руки?
00443|Я не открыл своих пятнадцать карт.|Я не открыл своих пятнадцать карт.
00444|Только мне ужасно хочется.|Только мне ужасно хочется.
00445|Я от первых дней войнищу эту проклял, плюнул рифмами в лицо войне.|Я от первых дней войнищу эту проклял, плюнул рифмами в лицо войне.
00446|Хотя, впрочем, дружили, и даже очень.|Хотя, впрочем, дружили, и даже очень.
00447|Я знал одно такое место.|Я знал одно такое место.
00448|Я поворачиваю направо и прохожу через парадную на улицу.|Я поворачиваю направо и прохожу через парадную на улицу.
00449|Он был несколько холоднее к жене.|Он был несколько холоднее к жене.
00450|Вронский по возвращении из-за границы.|Вронский по возвращении из-за границы.
00451|Решение Анны просить мужа о разводе.|Решение Анны просить мужа о разводе.
00452|батюшка|батюшка
00453|А тут ещё много наших офицеров было.|А тут ещё много наших офицеров было.
00454|Ты еще не все знаешь, брат.|Ты еще не все знаешь, брат.
00455|Он чувствовал себя несчастным.|Он чувствовал себя несчастным.
00456|Я перестаю верить, что есть дом, где так хорошо.|Я перестаю верить, что есть дом, где так хорошо.
00457|Каждый человек по-своему прав, а по-моему нет.|Каждый человек по-своему прав, а по-моему нет.
00458|Идея создания Организации Объединенных Наций по-прежнему является величайшим историческим достижением человечества.|Идея создания Организации Объединенных Наций по-прежнему является величайшим историческим достижением человечества.
00459|Под ним была кровная темно-гнедая лошадь, очевидно разгорячившаяся на галопе.|Под ним была кровная темно-гнедая лошадь, очевидно разгорячившаяся на галопе.
00460|Страна постоянно подвергается ядерной угрозе.|Страна постоянно подвергается ядерной угрозе.
00461|Япония продолжает работать над обеспечением и продвижением органичного подхода к миростроительству.|Япония продолжает работать над обеспечением и продвижением органичного подхода к миростроительству.
00462|Для выполнения своей миссии мы должны предпринять следующие шаги.|Для выполнения своей миссии мы должны предпринять следующие шаги.
00463|Он поднял подсвечник, но спички еще долго не отыскивались.|Он поднял подсвечник, но спички еще долго не отыскивались.
00464|Для продажи на различных рынках или распределения по разным регионам?|Для продажи на различных рынках или распределения по разным регионам?
00465|Я предоставляю слово представителю Сирийской Арабской Республики в осуществление права на ответ.|Я предоставляю слово представителю Сирийской Арабской Республики в осуществление права на ответ.
00466|Взаимопонимание и уважение являются предпосылками достижения общего согласия.|Взаимопонимание и уважение являются предпосылками достижения общего согласия.
00467|Да и день был так хорош, что нельзя было сердиться.|Да и день был так хорош, что нельзя было сердиться.
00468|Веды - это руководство для всестороннего развития человека, живущего в полной гармонии с окружающей средой.|Веды - это руководство для всестороннего развития человека, живущего в полной гармонии с окружающей средой.
00469|Мы призываем незамедлительно активизировать его работу в целях продвижения переговоров по неотложной повестке дня.|Мы призываем незамедлительно активизировать его работу в целях продвижения переговоров по неотложной повестке дня.
00470|Сегодня, когда миру необходимо развитие международной торговли, морские пути через Индийский океан оказались заблокированными.|Сегодня, когда миру необходимо развитие международной торговли, морские пути через Индийский океан оказались заблокированными.
00471|Мы также планируем организовать аналогичное мероприятие в декабре текущего года.|Мы также планируем организовать аналогичное мероприятие в декабре текущего года.
00472|Красный Крест не получил ни одного разрешения на посещение Шалита.|Красный Крест не получил ни одного разрешения на посещение Шалита.
00473|Я потратил годы, защищая Израиль на полях сражений.|Я потратил годы, защищая Израиль на полях сражений.
00474|Африка будет неизменно участвовать в процессе осуществления этого проекта резолюции во всех его аспектах.|Африка будет неизменно участвовать в процессе осуществления этого проекта резолюции во всех его аспектах.
00475|Поэтому наша делегация приветствует включение соответствующего положения в эту резолюцию.|Поэтому наша делегация приветствует включение соответствующего положения в эту резолюцию.
00476|Мы ожидаем доклада Верховного комиссара.|Мы ожидаем доклада Верховного комиссара.
00477|Приступаем к голосованию.|Приступаем к голосованию.
00478|Я хотел бы высказать несколько замечаний касательно некоторых из проблем, которые были подняты сегодня.|Я хотел бы высказать несколько замечаний касательно некоторых из проблем, которые были подняты сегодня.
00479|Они убеждены, что Африка располагает людскими и природными ресурсами для достижения успеха.|Они убеждены, что Африка располагает людскими и природными ресурсами для достижения успеха.
00480|Однако другие ситуации явно игнорируются годами.|Однако другие ситуации явно игнорируются годами.
00481|Позвольте мне подтвердить нашу позицию по ключевым вопросам, связанным с реформой Совета.|Позвольте мне подтвердить нашу позицию по ключевым вопросам, связанным с реформой Совета.
00482|И здесь решающее значение имеют активизация и укрепление глобального партнерства.|И здесь решающее значение имеют активизация и укрепление глобального партнерства.
00483|Слово имеет координатор Группы − Польша.|Слово имеет координатор Группы − Польша.
00484|В ходе межправительственных переговоров четко выявилось наличие согласия относительно расширения категории непостоянных членов.|В ходе межправительственных переговоров четко выявилось наличие согласия относительно расширения категории непостоянных членов.
00485|Поэтому в Индии правительство рассматривает эти проблемы как приоритетные.|Поэтому в Индии правительство рассматривает эти проблемы как приоритетные.
00486|Швейцария считает, что давно настало время для значительной активизации и усовершенствования процесса ее осуществления.|Швейцария считает, что давно настало время для значительной активизации и усовершенствования процесса ее осуществления.
00487|Мы, все народы мира, желаем скорейшего разрешения этого конфликта.|Мы, все народы мира, желаем скорейшего разрешения этого конфликта.
00488|Я предоставляю слово Постоянному представителю Швеции.|Я предоставляю слово Постоянному представителю Швеции.
00489|Раздался суровый и повелительный ее голос; даже хозяева струсили.|Раздался суровый и повелительный ее голос; даже хозяева струсили.
00490|Главная проблема Конференции по разоружению заключается в отсутствии политической воли.|Главная проблема Конференции по разоружению заключается в отсутствии политической воли.
00491|Сейчас Генеральная Ассамблея заслушает выступление президента Мексиканских Соединенных Штатов.|Сейчас Генеральная Ассамблея заслушает выступление президента Мексиканских Соединенных Штатов.
00492|В действительности дело обстоит иначе.|В действительности дело обстоит иначе.
00493|В данной связи в этот день в Комитете образовалась вакансия.|В данной связи в этот день в Комитете образовалась вакансия.
00494|Но это лишь начало; мы хотим пойти дальше.|Но это лишь начало; мы хотим пойти дальше.
00495|Одной из серьезных проблем в сфере здравоохранения является также сохраняющееся там неравенство.|Одной из серьезных проблем в сфере здравоохранения является также сохраняющееся там неравенство.
00496|Когда я стал президентом, я закрыл военную базу.|Когда я стал президентом, я закрыл военную базу.
00497|Это также необходимо для того, чтобы адекватно отвечать на глобальные вызовы.|Это также необходимо для того, чтобы адекватно отвечать на глобальные вызовы.
00498|Вот не ждали!|Вот не ждали!
00499|Жениться на крестьянке?|Жениться на крестьянке?
00500|Анна остановилась, ожидая.|Анна остановилась, ожидая.
00501|Что мне делать?|Что мне делать?
00502|Георгий|Георгий
00503|Мы поговорим.|Мы поговорим.
00504|Это Кити засмеялась.|Это Кити засмеялась.
00505|С свинцом в груди и жаждой мести, поникнув гордой головой!..|С свинцом в груди и жаждой мести, поникнув гордой головой!..
00506|Ездить в свет?|Ездить в свет?
00507|Нет, нет, обещай!...|Нет, нет, обещай!...
00508|Левин усмехнулся.|Левин усмехнулся.
00509|Съезди, если не устала, мой друг.|Съезди, если не устала, мой друг.
00510|Старик жаловался, что дело шло плохо.|Старик жаловался, что дело шло плохо.
00511|Анна хотела достать девочке ее игрушку и не могла найти ее.|Анна хотела достать девочке ее игрушку и не могла найти ее.
00512|Я никогда ей руки не подаю, у нее вечно от рук неприлично пахнет.|Я никогда ей руки не подаю, у нее вечно от рук неприлично пахнет.
00513|Этот гражданин все время лежит тут на полу и мешает нам ходить по коридору.|Этот гражданин все время лежит тут на полу и мешает нам ходить по коридору.
00514|И дорассуждался до того, что его вытолкали со службы.|И дорассуждался до того, что его вытолкали со службы.
00515|Левин, не замечаемый народом, продолжал лежать на копне и смотреть, слушать и думать.|Левин, не замечаемый народом, продолжал лежать на копне и смотреть, слушать и думать.
00516|- Студент-то застрелился.|- Студент-то застрелился.
00517|девяносто семь груш|девяносто семь груш
00518|Ничего в ней нет интересного!|Ничего в ней нет интересного!
00519|Но тишина и тьма пугали меня.|Но тишина и тьма пугали меня.
00520|- Пятая верста, - сказал машинист.|- Пятая верста, - сказал машинист.
00521|Всякий рад подхватить хотя бы обрывки моих мыслей.|Всякий рад подхватить хотя бы обрывки моих мыслей.
00522|молодая|молодая
00523|Я никого не убивала!|Я никого не убивала!
00524|сильный|сильный
00525|Пританцовывает к репе и начинает её тянуть.|Пританцовывает к репе и начинает её тянуть.
00526|Как бы Облонский не обстрелял его?|Как бы Облонский не обстрелял его?
00527|Я всё это знаю, но мне от этого не легче.|Я всё это знаю, но мне от этого не легче.
00528|Вы смотрите на меня как на неудачника!|Вы смотрите на меня как на неудачника!
00529|Молодцом поступил!|Молодцом поступил!
00530|Он громко стучит своей ногой и палкой.|Он громко стучит своей ногой и палкой.
00531|Скажу, что люблю другого?|Скажу, что люблю другого?
00532|И я выталкиваю гостя.|И я выталкиваю гостя.
00533|Но если вы хотите ехать, поедемте!|Но если вы хотите ехать, поедемте!
00534|Пил водку?|Пил водку?
00535|часть|часть
00536|Разница только количественная.|Разница только количественная.
00537|Я бы стал умолять ее пустить меня к себе на две или три ночи.|Я бы стал умолять ее пустить меня к себе на две или три ночи.
00538|Числа, такая важная часть природы!|Числа, такая важная часть природы!
00539|Кузьма тебе всё приготовил.|Кузьма тебе всё приготовил.
00540|Как объяснить... как узнать ее желание?|Как объяснить... как узнать ее желание?
00541|Дюжий метр пополам!|Дюжий метр пополам!
00542|Он чувствовал к нему только гадливость.|Он чувствовал к нему только гадливость.
00543|Кирилл|Кирилл
00544|Как твоя голова, лучше?|Как твоя голова, лучше?
00545|Ведь правда, что вы то прелестное существо, каким я воображаю вас?|Ведь правда, что вы то прелестное существо, каким я воображаю вас?
00546|Вот кустики можжевельника.|Вот кустики можжевельника.
00547|такая|такая
00548|Француз пересел на стул возле печки и почувствовал, что он устал.|Француз пересел на стул возле печки и почувствовал, что он устал.
00549|Теперь надо рассчитать так, чтобы только одно место было удобно.|Теперь надо рассчитать так, чтобы только одно место было удобно.
00550|Но, несмотря на падающее здоровье, несмотря на семейные горести, Алексей Александрович не сдавался.|Но, несмотря на падающее здоровье, несмотря на семейные горести, Алексей Александрович не сдавался.
00551|волос|волос
00552|Я не считал, сколько я сочиняю, но должно быть, больше, чем он.|Я не считал, сколько я сочиняю, но должно быть, больше, чем он.
00553|Всадник почесал затылок и показал себе на живот.|Всадник почесал затылок и показал себе на живот.
00554|Теперь идите сюда.|Теперь идите сюда.
00555|Ждали конца каждую минуту.|Ждали конца каждую минуту.
00556|А теперь что?|А теперь что?
00557|Она взяла его за руку.|Она взяла его за руку.
00558|И я рыдал, рыдал, вспоминая о милых ногах моих, моих быстрых, сильных ногах.|И я рыдал, рыдал, вспоминая о милых ногах моих, моих быстрых, сильных ногах.
00559|Она думала, что ты там.|Она думала, что ты там.
00560|Я хотел бы выразить искреннюю признательность всем странам, принявшим участие в этой конференции.|Я хотел бы выразить искреннюю признательность всем странам, принявшим участие в этой конференции.
00561|У нас нет неопровержимых доказательств, однако эти сообщения представляются достоверными и последовательными.|У нас нет неопровержимых доказательств, однако эти сообщения представляются достоверными и последовательными.
00562|В настоящее время дети, вероятно, даже не знают, что такое кассета.|В настоящее время дети, вероятно, даже не знают, что такое кассета.
00563|Семён может печатать быстрее, чем говорить.|Семён может печатать быстрее, чем говорить.
00564|– Это не осел, – пробормотала озадаченная Женя.|– Это не осел, – пробормотала озадаченная Женя.
00565|В долгосрочной перспективе на каждом этапе миростроительного процесса женщины будут, безусловно, выполнять решающую роль.|В долгосрочной перспективе на каждом этапе миростроительного процесса женщины будут, безусловно, выполнять решающую роль.
00566|Еще одним важным аспектом является членский состав Конференции.|Еще одним важным аспектом является членский состав Конференции.
00567|Радуйтесь ещё.|Радуйтесь ещё.
00568|Ведь в Политбюро образовались совершенно в ряде случаев несовместимые группировки.|Ведь в Политбюро образовались совершенно в ряде случаев несовместимые группировки.
00569|Кроме того, по тому же вопросу слова просили Китай и Канада.|Кроме того, по тому же вопросу слова просили Китай и Канада.
00570|В этом залог успеха.|В этом залог успеха.
00571|Из проблем определения и сферы применения в значительной мере вытекает вопрос о проверке.|Из проблем определения и сферы применения в значительной мере вытекает вопрос о проверке.
00572|Сегодня вновь происходили стычки, в ходе которых, как сообщается, было много жертв.|Сегодня вновь происходили стычки, в ходе которых, как сообщается, было много жертв.
00573|Мексика указала, что реальная работа проходит в других местах.|Мексика указала, что реальная работа проходит в других местах.
00574|В этом контексте региональное сотрудничество является весьма актуальным.|В этом контексте региональное сотрудничество является весьма актуальным.
00575|Быстро осознав дилемму, правитель согласился с предложением.|Быстро осознав дилемму, правитель согласился с предложением.
00576|Он считал, что его задвинули, что оттуда выхода нет|Он считал, что его задвинули, что оттуда выхода нет
00577|Проводится заносимое в отчет о заседании голосование.|Проводится заносимое в отчет о заседании голосование.
00578|Вот уже три месяца, как командир бронедивизиона полковник Александров не был дома.|Вот уже три месяца, как командир бронедивизиона полковник Александров не был дома.
00579|Вместе с тем, израильские самолеты практически ежедневно вторгаются в ливанское воздушное пространство.|Вместе с тем, израильские самолеты практически ежедневно вторгаются в ливанское воздушное пространство.
00580|А сейчас слово имеет представитель Нидерландов.|А сейчас слово имеет представитель Нидерландов.
00581|Ну и что же?|Ну и что же?
00582|Более того, хотелось бы обратить внимание на следующие обстоятельства.|Более того, хотелось бы обратить внимание на следующие обстоятельства.
00583|Понятно, что одним из важнейших элементов борьбы с пиратством является прекращение безнаказанности.|Понятно, что одним из важнейших элементов борьбы с пиратством является прекращение безнаказанности.
00584|Я бы сказал совершено откровенно, что такую политическую волю трудно обеспечить в Гаити.|Я бы сказал совершено откровенно, что такую политическую волю трудно обеспечить в Гаити.
00585|В последнее время разобщенность отмечается на многих направлениях работы Совета.|В последнее время разобщенность отмечается на многих направлениях работы Совета.
00586|Гаити находится на перепутье - весьма интересном и важном этапе для ее существования.|Гаити находится на перепутье - весьма интересном и важном этапе для ее существования.
00587|Первой проблемой было то, что я не ощущал габариты машины.|Первой проблемой было то, что я не ощущал габариты машины.
00588|Моя делегация рада тому, что Конференция приняла свой годовой доклад.|Моя делегация рада тому, что Конференция приняла свой годовой доклад.
00589|"Впоследствии доктор Брадоль охарактеризовал распространяемые определенными кругами обвинения в геноциде как ""явный политический оппортунизм""."|"Впоследствии доктор Брадоль охарактеризовал распространяемые определенными кругами обвинения в геноциде как ""явный политический оппортунизм""."
00590|Большая пустая комната, в которой он не жил.|Большая пустая комната, в которой он не жил.
00591|Он был очень страшный.|Он был очень страшный.
00592|Ни одно из государств-членов не получило того, чего добивалось.|Ни одно из государств-членов не получило того, чего добивалось.
00593|Приверженность Испании гаитянскому народу является твердой и соответствует ценностям, которые мы проповедуем.|Приверженность Испании гаитянскому народу является твердой и соответствует ценностям, которые мы проповедуем.
00594|Алжирская делегация хотела бы поделиться двумя основными тезисами по теме, которая является предметом дискуссии.|Алжирская делегация хотела бы поделиться двумя основными тезисами по теме, которая является предметом дискуссии.
00595|– Нет, будет! – крикнул Фигура и ударил Гейку по щеке.|– Нет, будет! – крикнул Фигура и ударил Гейку по щеке.
00596|В августе Организация Объединенных Наций стала жертвой роста насилия.|В августе Организация Объединенных Наций стала жертвой роста насилия.
00597|И наконец, позвольте мне кратко отреагировать еще на одну проблему.|И наконец, позвольте мне кратко отреагировать еще на одну проблему.
00598|У нас получится хорошо.|У нас получится хорошо.
00599|Она была не вправе.|Она была не вправе.
00600|Усилия, нацеленные на примирение, должны прилагаться Советом и пользоваться его поддержкой.|Усилия, нацеленные на примирение, должны прилагаться Советом и пользоваться его поддержкой.
00601|Во-вторых, безопасность взаимосвязана с развитием.|Во-вторых, безопасность взаимосвязана с развитием.
00602|А мне папа велел…|А мне папа велел…
00603|Нет никакого сомнения, что сирийские власти несут огромную долю ответственности за происходящее.|Нет никакого сомнения, что сирийские власти несут огромную долю ответственности за происходящее.
00604|Сомали переживает критический момент в своей истории.|Сомали переживает критический момент в своей истории.
00605|Даже если они его возненавидят, что-то в их сознании сдвинется.|Даже если они его возненавидят, что-то в их сознании сдвинется.
00606|Россия будет последовательно добиваться выполнения всех этих договоренностей.|Россия будет последовательно добиваться выполнения всех этих договоренностей.
00607|Знаешь, Оля!|Знаешь, Оля!
00608|В экономическом плане дела у страны идут очень хорошо.|В экономическом плане дела у страны идут очень хорошо.
00609|Разве послы босиком ходят?|Разве послы босиком ходят?
00610|И еще десяток мальчишек рванулись с тылу и с фланга.|И еще десяток мальчишек рванулись с тылу и с фланга.
00611|Мы очень признательны всем присутствующим, представляющим правительства и гражданское общество.|Мы очень признательны всем присутствующим, представляющим правительства и гражданское общество.
00612|Вторая ситуация - это Йемен.|Вторая ситуация - это Йемен.
00613|И неожиданно он пронзительно свистнул.|И неожиданно он пронзительно свистнул.
00614|И он тогда поступил крайне неосторожно.|И он тогда поступил крайне неосторожно.
00615|Я хочу поехать в Тюмень.|Я хочу поехать в Тюмень.
00616|"Это работал Мишка Квакин и его помощник, под названием ""Фигура""."|"Это работал Мишка Квакин и его помощник, под названием ""Фигура""."
00617|Маша, наконец, может открыто говорить о том, что ей пришлось пережить.|Маша, наконец, может открыто говорить о том, что ей пришлось пережить.
00618|Кадка у меня во дворе стояла|Кадка у меня во дворе стояла
00619|Мои воспоминания об этом уже давно стёрлись.|Мои воспоминания об этом уже давно стёрлись.
00620|Мы понимаем, что возвращение людей из Ливии в Сахель лишь усугубляет эту проблему.|Мы понимаем, что возвращение людей из Ливии в Сахель лишь усугубляет эту проблему.
00621|В целом, посредничество лежит в основе деятельности Организации Объединенных Наций.|В целом, посредничество лежит в основе деятельности Организации Объединенных Наций.
00622|Необходимо, чтобы гуманитарные учреждения имели доступ к пограничным районам.|Необходимо, чтобы гуманитарные учреждения имели доступ к пограничным районам.
00623|Транспарентность - это средство достижения цели, а не самоцель.|Транспарентность - это средство достижения цели, а не самоцель.
00624|Речь идёт о самом важном.|Речь идёт о самом важном.
00625|Мы уже говорили с рядом делегаций в индивидуальном порядке и в рамках региональных групп.|Мы уже говорили с рядом делегаций в индивидуальном порядке и в рамках региональных групп.
00626|Докладчик постоянно издевается над своими коллегами.|Докладчик постоянно издевается над своими коллегами.
00627|Ничего не странно.|Ничего не странно.
00628|Мы ведем диалог с демократическими исламскими партиями.|Мы ведем диалог с демократическими исламскими партиями.
00629|В особенности же прельстило ее то, как ползала эта девочка.|В особенности же прельстило ее то, как ползала эта девочка.
00630|Ступай готовить Машу в дорогу.|Ступай готовить Машу в дорогу.
00631|Именно этого требует наша приверженность делу мира и безопасности.|Именно этого требует наша приверженность делу мира и безопасности.
00632|Я убежден, что вопрос о неинфекционных заболеваниях в настоящее время находится в центре внимания.|Я убежден, что вопрос о неинфекционных заболеваниях в настоящее время находится в центре внимания.
00633|Сидим в вагончике.|Сидим в вагончике.
00634|Разве можно, чувствуя что-нибудь, жить, как он живет со мной?|Разве можно, чувствуя что-нибудь, жить, как он живет со мной?
00635|Британцы воспримут переговоры как капитуляцию.|Британцы воспримут переговоры как капитуляцию.
00636|Он никогда ни о ком не говорил дурно.|Он никогда ни о ком не говорил дурно.
00637|В этой связи, господин Председатель, Вы можете рассчитывать на сотрудничество и поддержку нашей делегации.|В этой связи, господин Председатель, Вы можете рассчитывать на сотрудничество и поддержку нашей делегации.
00638|Он насвистывал старинный марш.|Он насвистывал старинный марш.
00639|У нас есть эта дорожная карта.|У нас есть эта дорожная карта.
00640|Какова была ежегодно применяемая в этом отношении традиционная практика?|Какова была ежегодно применяемая в этом отношении традиционная практика?
00641|Мы уверены, что под Вашим мудрым и умелым руководством наши дискуссии увенчаются успехом.|Мы уверены, что под Вашим мудрым и умелым руководством наши дискуссии увенчаются успехом.
00642|Серьезную глобальную проблему представляет рост населения.|Серьезную глобальную проблему представляет рост населения.
00643|Добавим к этому, что незачем шельмовать такие достойные процессы.|Добавим к этому, что незачем шельмовать такие достойные процессы.
00644|Складывается впечатление, что некоторые слышат об этих важных понятиях впервые.|Складывается впечатление, что некоторые слышат об этих важных понятиях впервые.
00645|Я хотел бы поблагодарить находящихся здесь представителей гражданского общества за их работу.|Я хотел бы поблагодарить находящихся здесь представителей гражданского общества за их работу.
00646|А сейчас слово имеет уважаемый посол Соединенных Штатов Америки.|А сейчас слово имеет уважаемый посол Соединенных Штатов Америки.
00647|Он начинал злиться, и лицо его приняло какой-то медный и грубый цвет.|Он начинал злиться, и лицо его приняло какой-то медный и грубый цвет.
00648|Но Левину неприятны были эти слова Дарьи Александровны.|Но Левину неприятны были эти слова Дарьи Александровны.
00649|Я также призываю те государства, которые еще не признали Государство Палестина, сделать это.|Я также призываю те государства, которые еще не признали Государство Палестина, сделать это.
00650|Чтобы быть эффективным, глобальное управление должно быть естественным продолжением национального, регионального и субрегионального управления.|Чтобы быть эффективным, глобальное управление должно быть естественным продолжением национального, регионального и субрегионального управления.
00651|Однако представленный проект резолюции почему-то не отражает эту согласованную позицию.|Однако представленный проект резолюции почему-то не отражает эту согласованную позицию.
00652|Все находится на неработающем оборудовании|Все находится на неработающем оборудовании
00653|Мы благодарны за проявление солидарности в признании тяжелого наследия этого мрачного периода нашей истории.|Мы благодарны за проявление солидарности в признании тяжелого наследия этого мрачного периода нашей истории.
00654|Мы так и поступим.|Мы так и поступим.
00655|Благодарю представителя Мьянмы, который очень скоро станет послом, за его заявление.|Благодарю представителя Мьянмы, который очень скоро станет послом, за его заявление.
00656|Это был серьезный удар для ряда стран, в особенности для развивающихся стран.|Это был серьезный удар для ряда стран, в особенности для развивающихся стран.
00657|В этом отношении высказываются и идеи, причем некоторые − в виде конкретных предложений.|В этом отношении высказываются и идеи, причем некоторые − в виде конкретных предложений.
00658|Я стал смотреть на их игру.|Я стал смотреть на их игру.
00659|Кооперативы приносят огромную пользу не только их членам, но и их общинам и обществам.|Кооперативы приносят огромную пользу не только их членам, но и их общинам и обществам.
00660|Мы уже хорошо осведомлены о том, что нам следует делать.|Мы уже хорошо осведомлены о том, что нам следует делать.
00661|Они продолжают создавать экономическую мощь, позволяя общинам успешно конкурировать на глобальном рынке.|Они продолжают создавать экономическую мощь, позволяя общинам успешно конкурировать на глобальном рынке.
00662|Однако, отмечая эти скромные достижения, мы признаем и все еще стоящие перед нами проблемы.|Однако, отмечая эти скромные достижения, мы признаем и все еще стоящие перед нами проблемы.
00663|"Теперь же ""холодная война"" закончилась."|"Теперь же ""холодная война"" закончилась."
00664|И разрешение этой проблемы уже давно назрело.|И разрешение этой проблемы уже давно назрело.
00665|Недавно Генеральная Ассамблея также поддержала эти усилия, выделив средства для замены информационного оборудования.|Недавно Генеральная Ассамблея также поддержала эти усилия, выделив средства для замены информационного оборудования.
00666|Инженер сидел, как будто нахохлившись, и прислушивался с неловким нетерпением.|Инженер сидел, как будто нахохлившись, и прислушивался с неловким нетерпением.
00667|Насилие никогда не принесет мира на Ближний Восток.|Насилие никогда не принесет мира на Ближний Восток.
00668|Мы очень надеемся на это.|Мы очень надеемся на это.
00669|Председатель не планирует проводить какие-либо параллельные обсуждения.|Председатель не планирует проводить какие-либо параллельные обсуждения.
00670|Мы должны оправдать эти ожидания.|Мы должны оправдать эти ожидания.
00671|Сегодня мы вновь отмечали Международный день солидарности с палестинским народом.|Сегодня мы вновь отмечали Международный день солидарности с палестинским народом.
00672|Учитывая нестабильность ситуации, неудивительно, что беспокойство и эмоции достигают высокого уровня.|Учитывая нестабильность ситуации, неудивительно, что беспокойство и эмоции достигают высокого уровня.
00673|Саддамовский Ирак возглавлял Конференцию по разоружению.|Саддамовский Ирак возглавлял Конференцию по разоружению.
00674|Я в восемь лет не имел ни одного дела.|Я в восемь лет не имел ни одного дела.
00675|Это одно, чего я требую от своих любезных братцев.|Это одно, чего я требую от своих любезных братцев.
00676|Зимбабве готова внести свой скромный вклад в это дело.|Зимбабве готова внести свой скромный вклад в это дело.
00677|В докладе предпринята попытка обозначить существование пробелов или недостатков в рамках глобального экономического развития.|В докладе предпринята попытка обозначить существование пробелов или недостатков в рамках глобального экономического развития.
00678|"Опубликованное в прошлую пятницу ""четверкой"" заявление как раз и является основой для их проведения."|"Опубликованное в прошлую пятницу ""четверкой"" заявление как раз и является основой для их проведения."
00679|Я думаю, что всем нам надо быть умными.|Я думаю, что всем нам надо быть умными.
00680|Правительства не могут выполнять стоящую задачу в одиночку.|Правительства не могут выполнять стоящую задачу в одиночку.
00681|Четвертые хотят договора о предотвращении гонки вооружений в космическом пространстве.|Четвертые хотят договора о предотвращении гонки вооружений в космическом пространстве.
00682|Мы обязаны сделать это во имя торжества принципов равенства, справедливости и гуманности.|Мы обязаны сделать это во имя торжества принципов равенства, справедливости и гуманности.
00683|Данный прогресс был отнюдь не случайным.|Данный прогресс был отнюдь не случайным.
00684|Мы считаем, что самый эффективный путь к сокращению масштабов нищеты - это устойчивый экономический рост.|Мы считаем, что самый эффективный путь к сокращению масштабов нищеты - это устойчивый экономический рост.
00685|Но ее нельзя отодвигать на задний план.|Но ее нельзя отодвигать на задний план.
00686|Сомнительные игры или жонглирование словами никуда нас не приведут.|Сомнительные игры или жонглирование словами никуда нас не приведут.
00687|Кити еще была ребенок, когда Левин вышел из университета.|Кити еще была ребенок, когда Левин вышел из университета.
00688|Какой же он хороший!|Какой же он хороший!
00689|В этих все более сложных условиях как никогда важна роль стратегического руководства.|В этих все более сложных условиях как никогда важна роль стратегического руководства.
00690|В ходе своей работы Совет также продемонстрировал способность реагировать на вопросы, вызывающие обеспокоенность стран.|В ходе своей работы Совет также продемонстрировал способность реагировать на вопросы, вызывающие обеспокоенность стран.
00691|Господин Председатель, расписание мероприятий, который вы нам предлагаете, носит вполне уместный характер.|Господин Председатель, расписание мероприятий, который вы нам предлагаете, носит вполне уместный характер.
00692|Приступаем к поочередному принятию решений по одному проекту резолюции и двум проектам решений.|Приступаем к поочередному принятию решений по одному проекту резолюции и двум проектам решений.
00693|И я считаю лицемерием предлагать что-либо иное.|И я считаю лицемерием предлагать что-либо иное.
00694|Чили также рассматривает это и в ракурсе человеческой безопасности.|Чили также рассматривает это и в ракурсе человеческой безопасности.
00695|Большое спасибо, господин Генеральный секретарь.|Большое спасибо, господин Генеральный секретарь.
00696|Представитель, выступающий по порядку ведения заседания, не может говорить по существу обсуждаемого вопроса.|Представитель, выступающий по порядку ведения заседания, не может говорить по существу обсуждаемого вопроса.
00697|Нам надлежит единогласно и решительно принимать соответствующие ответные меры.|Нам надлежит единогласно и решительно принимать соответствующие ответные меры.
00698|Молодость и природа ускорили мое выздоровление.|Молодость и природа ускорили мое выздоровление.
00699|Мы благодарим Организацию Объединенных Наций за доверие, оказанное нашим военнослужащим - мужчинам и женщинам.|Мы благодарим Организацию Объединенных Наций за доверие, оказанное нашим военнослужащим - мужчинам и женщинам.
00700|Некоторые во всем винят принцип консенсуса.|Некоторые во всем винят принцип консенсуса.
00701|Левин уже устал от напряжения мысли.|Левин уже устал от напряжения мысли.
00702|Я забыл, куда я пошел!|Я забыл, куда я пошел!
00703|Я лежал ничком, теперь я с большим трудом поднимаюсь на колени.|Я лежал ничком, теперь я с большим трудом поднимаюсь на колени.
00704|Что, вы не курите?|Что, вы не курите?
00705|Тунис искренне верит в универсальные ценности солидарности, справедливости и международного сотрудничества.|Тунис искренне верит в универсальные ценности солидарности, справедливости и международного сотрудничества.
00706|Эффективно распределять пользовательские процессы на имеющихся физических ресурсах кластера|Эффективно распределять пользовательские процессы на имеющихся физических ресурсах кластера
00707|Разве это труд, чтобы добыть концессию и перепродать?|Разве это труд, чтобы добыть концессию и перепродать?
00708|А теперь слово имеет уважаемый Чрезвычайный и Полномочный Посол Мексики.|А теперь слово имеет уважаемый Чрезвычайный и Полномочный Посол Мексики.
00709|Слово имеет Аргентина.|Слово имеет Аргентина.
00710|Обязательство это коллективное, и нам надо принимать меры к его выполнению.|Обязательство это коллективное, и нам надо принимать меры к его выполнению.
00711|Пермь - красивый город|Пермь - красивый город
00712|причина|причина
00713|происходит|происходит
00714|Однако было бы неверно полагать, что все это время было потрачено зря.|Однако было бы неверно полагать, что все это время было потрачено зря.
00715|Палестинский вопрос вызывает разочарование арабской нации.|Палестинский вопрос вызывает разочарование арабской нации.
00716|Грозный - лучший город|Грозный - лучший город
00717|Кот-д'Ивуар постепенно выходит из этого кризиса.|Кот-д'Ивуар постепенно выходит из этого кризиса.
00718|Как известно членам Совета, только на прошлой неделе происходил диалог.|Как известно членам Совета, только на прошлой неделе происходил диалог.
00719|В кабинете Алмазов простоял с минуту на одном месте, глядя куда-то в угол.|В кабинете Алмазов простоял с минуту на одном месте, глядя куда-то в угол.
00720|Я возьму бумагу и перо и буду писать.|Я возьму бумагу и перо и буду писать.
00721|Однако наша приверженность свободной торговле не заканчивается на этом.|Однако наша приверженность свободной торговле не заканчивается на этом.
00722|"Вдруг он обратился к матушке: ""Авдотья Васильевна, а сколько лет Петруше?"""|"Вдруг он обратился к матушке: ""Авдотья Васильевна, а сколько лет Петруше?"""
00723|В приключениях в Геленджике были и неприятные моменты.|В приключениях в Геленджике были и неприятные моменты.
00724|"В этом контексте ядерная ""пятерка"" активно взаимодействует в целях выполнения своих обязательств."|"В этом контексте ядерная ""пятерка"" активно взаимодействует в целях выполнения своих обязательств."
00725|Для этого настоятельно необходимо устранить его главную причину - израильскую оккупацию арабских территорий.|Для этого настоятельно необходимо устранить его главную причину - израильскую оккупацию арабских территорий.
00726|Авторы этого проекта резолюции перечислены в документе.|Авторы этого проекта резолюции перечислены в документе.
00727|Мы последовательно занимаем позицию, согласно которой такие переговоры должны проводиться в Конференции по разоружению.|Мы последовательно занимаем позицию, согласно которой такие переговоры должны проводиться в Конференции по разоружению.
00728|Это требует понимания единства человечества и осознания глубокой общности интересов членов международного сообщества.|Это требует понимания единства человечества и осознания глубокой общности интересов членов международного сообщества.
00729|Вопросы, решения которым нам надо найти, становятся все более сложными.|Вопросы, решения которым нам надо найти, становятся все более сложными.
00730|Мы готовимся предпринять следующие шаги в области обеспечения контроля и разоружения.|Мы готовимся предпринять следующие шаги в области обеспечения контроля и разоружения.
00731|У Великобритании есть военно-воздушная база на Кипре.|У Великобритании есть военно-воздушная база на Кипре.
00732|Заключения не должны иметь безапелляционный характер.|Заключения не должны иметь безапелляционный характер.
00733|Исходя из основополагающих принципов Организации Объединенных Наций, мы должны поддержать их.|Исходя из основополагающих принципов Организации Объединенных Наций, мы должны поддержать их.
00734|Вероятность же приобретения и применения террористами и негосударственными субъектами ядерного оружия значительно ниже.|Вероятность же приобретения и применения террористами и негосударственными субъектами ядерного оружия значительно ниже.
00735|Но Лиза на вкус Анны была гораздо привлекательнее.|Но Лиза на вкус Анны была гораздо привлекательнее.
00736|Третий факт - обогащение урана.|Третий факт - обогащение урана.
00737|Албанская экономика не оторвана от глобальной экономики.|Албанская экономика не оторвана от глобальной экономики.
00738|Мир не должен и не может вернуться к протекционизму.|Мир не должен и не может вернуться к протекционизму.
00739|Переговоры по новому инструменту требуют новых идей и новых подходов.|Переговоры по новому инструменту требуют новых идей и новых подходов.
00740|Благодарю посла Российской Федерации за его заявление.|Благодарю посла Российской Федерации за его заявление.
00741|Нельзя больше откладывать возобновление работы Конференции.|Нельзя больше откладывать возобновление работы Конференции.
00742|Турция хочет как можно скорее увидеть прогресс на Конференции по разоружению.|Турция хочет как можно скорее увидеть прогресс на Конференции по разоружению.
00743|Давайте сосредоточим внимание на сути возражения вместо того, чтобы его избегать.|Давайте сосредоточим внимание на сути возражения вместо того, чтобы его избегать.
00744|Я настоятельно призываю их сделать это как можно скорее.|Я настоятельно призываю их сделать это как можно скорее.
00745|– Полно, полно тебе чепуху молоть!|– Полно, полно тебе чепуху молоть!
00746|Во-первых, нам следует добиваться прогресса во всех аспектах работы Конференции.|Во-первых, нам следует добиваться прогресса во всех аспектах работы Конференции.
00747|Одни страны стали жертвами стихийных бедствий, другие переживают финансовый, политический и социальный кризис.|Одни страны стали жертвами стихийных бедствий, другие переживают финансовый, политический и социальный кризис.
00748|Черногория выражает свою приверженность дальнейшему развитию взаимопонимания и укреплению всех форм сотрудничества в будущем.|Черногория выражает свою приверженность дальнейшему развитию взаимопонимания и укреплению всех форм сотрудничества в будущем.
00749|Я не знаю, верно ли мое понимание.|Я не знаю, верно ли мое понимание.
00750|Продолжающаяся стагнация мировой экономики негативно сказывается на финансовом положении государств-членов.|Продолжающаяся стагнация мировой экономики негативно сказывается на финансовом положении государств-членов.
00751|На самом деле, как нам всем известно, речь идет об очень простом линейном уравнении.|На самом деле, как нам всем известно, речь идет об очень простом линейном уравнении.
00752|Это, несомненно, способствует повышению согласованности международного сотрудничества.|Это, несомненно, способствует повышению согласованности международного сотрудничества.
00753|Как я полагаю, рабочим языком будет только английский.|Как я полагаю, рабочим языком будет только английский.
00754|Недавние восстания показали, что существуют новые, важные механизмы достижения желаемых изменений.|Недавние восстания показали, что существуют новые, важные механизмы достижения желаемых изменений.
00755|Вид его был брезгливый и даже надменный.|Вид его был брезгливый и даже надменный.
00756|Ко всем этим вопросам необходимо подходить равнозначно и сбалансированно.|Ко всем этим вопросам необходимо подходить равнозначно и сбалансированно.
00757|Он побледнел и с минуту не мог перевести дыхания.|Он побледнел и с минуту не мог перевести дыхания.
00758|Посредством этой программы голландские кооперативные компании поддерживают партнерские организации и кооперативы в развивающихся странах.|Посредством этой программы голландские кооперативные компании поддерживают партнерские организации и кооперативы в развивающихся странах.
00759|"В этом плане нас воодушевляют усилия ""четверки""."|"В этом плане нас воодушевляют усилия ""четверки""."
00760|Вторая крупная сфера - это превентивная деятельность.|Вторая крупная сфера - это превентивная деятельность.
00761|Такие инициативы ведут лишь к расколу между государствами-членами и чреваты прекращением процесса переговоров.|Такие инициативы ведут лишь к расколу между государствами-членами и чреваты прекращением процесса переговоров.
00762|Исполняющий обязанности Председателя: Мы выслушали последнего оратора в общих прениях на данном заседании.|Исполняющий обязанности Председателя: Мы выслушали последнего оратора в общих прениях на данном заседании.
00763|Мы с огромным беспокойством и разочарованием отмечаем, что страдания народа Палестины продолжаются.|Мы с огромным беспокойством и разочарованием отмечаем, что страдания народа Палестины продолжаются.
00764|Разница десять рублей, - присовокупил он, собирая губы в улыбку.|Разница десять рублей, - присовокупил он, собирая губы в улыбку.
00765|И Китай полностью поддерживает эту точку зрения.|И Китай полностью поддерживает эту точку зрения.
00766|Помимо безопасности, нам необходимо добиться также прогресса в области развития.|Помимо безопасности, нам необходимо добиться также прогресса в области развития.
00767|Напротив, он должен подтолкнуть нас к их выполнению.|Напротив, он должен подтолкнуть нас к их выполнению.
00768|Я категорически не согласен с тем, что мы услышали.|Я категорически не согласен с тем, что мы услышали.
00769|Чем они питаются?|Чем они питаются?
00770|Он сеял пшеницу.|Он сеял пшеницу.
00771|Ессентуки - милый город|Ессентуки - милый город
00772|Анна заметила, что он был особенно бледен, и руки его тряслись.|Анна заметила, что он был особенно бледен, и руки его тряслись.
00773|Я даже летать умею.|Я даже летать умею.
00774|Балашиха - интересный город|Балашиха - интересный город
00775|Тюрька была так вкусна, что Левин раздумал ехать домой обедать.|Тюрька была так вкусна, что Левин раздумал ехать домой обедать.
00776|восемнадцать книг|восемнадцать книг
00777|Впрочем, как хотите.|Впрочем, как хотите.
00778|Они прыгали легко и подвижно, как играющие козлята, и дышали тяжело, словно больные.|Они прыгали легко и подвижно, как играющие козлята, и дышали тяжело, словно больные.
00779|Я покрыт одеялом почти с головой.|Я покрыт одеялом почти с головой.
00780|Но судьи знающие то же сказали.|Но судьи знающие то же сказали.
00781|Но имеет ли это отношение к ученой деятельности, мне узнать не удалось.|Но имеет ли это отношение к ученой деятельности, мне узнать не удалось.
00782|Съесть что-нибудь или пить?|Съесть что-нибудь или пить?
00783|Нашему сердцу милы только бессмысленные поступки.|Нашему сердцу милы только бессмысленные поступки.
00784|Врываетесь в частную жизнь!|Врываетесь в частную жизнь!
00785|Вы все Левины дики.|Вы все Левины дики.
00786|Кити, ее отказ и последнюю встречу.|Кити, ее отказ и последнюю встречу.
00787|Эх, думали мы, дерутся хорошие люди.|Эх, думали мы, дерутся хорошие люди.
00788|Этак будет?|Этак будет?
00789|– Не могу знать, ваше благородие, – отвечал вахмистр.|– Не могу знать, ваше благородие, – отвечал вахмистр.
00790|Ну, да погляди же на меня хорошенько! Такой же красавец, как и был!|Ну, да погляди же на меня хорошенько! Такой же красавец, как и был!
00791|Но в это мгновение в комнате что-то резко щелкнуло.|Но в это мгновение в комнате что-то резко щелкнуло.
00792|Где-то звонил колокол; что-то рухнуло, как будто упал пятиэтажный дом.|Где-то звонил колокол; что-то рухнуло, как будто упал пятиэтажный дом.
00793|Левин, будешь играть?|Левин, будешь играть?
00794|Все на беду, все на виду, Все в этой роли одинокой.|Все на беду, все на виду, Все в этой роли одинокой.
00795|Публика побежала сразу в мясной отдел, а потом туда, где продается сахар и перец.|Публика побежала сразу в мясной отдел, а потом туда, где продается сахар и перец.
00796|А что ты делаешь? Дай я тоже посмотрю.|А что ты делаешь? Дай я тоже посмотрю.
00797|Пенза - интересный город|Пенза - интересный город
00798|Как это ты на санях доехал?|Как это ты на санях доехал?
00799|Нет уже более смертоносной жары, ни этого страха, ни усталости.|Нет уже более смертоносной жары, ни этого страха, ни усталости.
00800|Мама, высокая женщина с большой прической, говорила лошадиным голосом.|Мама, высокая женщина с большой прической, говорила лошадиным голосом.
00801|Она была рада, но она завидовала.|Она была рада, но она завидовала.
00802|пусть|пусть
00803|Я открыл окно и смотрел в сад.|Я открыл окно и смотрел в сад.
00804|Прохожие всегда на таких смотрят.|Прохожие всегда на таких смотрят.
00805|довольно|довольно
00806|Я не торможу - я просто плавно мыслю.|Я не торможу - я просто плавно мыслю.
00807|Пасха была на снегу.|Пасха была на снегу.
00808|Ничего, он это умеет.|Ничего, он это умеет.
00809|Ведь люди разные.|Ведь люди разные.
00810|Во всяком случае, ощущение редкостное, похожее на какую-то головную болезнь.|Во всяком случае, ощущение редкостное, похожее на какую-то головную болезнь.
00811|Я через него одеяло свое разорвал.|Я через него одеяло свое разорвал.
00812|Я сел на чемодан и, вынув носовой платок, вытер им шею и лицо.|Я сел на чемодан и, вынув носовой платок, вытер им шею и лицо.
00813|Такую боль обиды я испытал раньше один только раз.|Такую боль обиды я испытал раньше один только раз.
00814|Почему я преступница?|Почему я преступница?
00815|Всего себя, любовь... да.|Всего себя, любовь... да.
00816|Домов раскинулась гора.|Домов раскинулась гора.
00817|Позовешь меня к себе на день рождения?|Позовешь меня к себе на день рождения?
00818|Я пристально вглядываюсь.|Я пристально вглядываюсь.
00819|Я всегда ухожу оттуда, где есть дети.|Я всегда ухожу оттуда, где есть дети.
00820|Вот поселился матрос в этом доме и расплодил детей.|Вот поселился матрос в этом доме и расплодил детей.
00821|Именно этому мы и должны оказывать содействие.|Именно этому мы и должны оказывать содействие.
00822|Это почему?|Это почему?
00823|Аркаша! Аркаша!|Аркаша! Аркаша!
00824|Наша позиция по этому вопросу совершенно ясна и не требует подробных разъяснений.|Наша позиция по этому вопросу совершенно ясна и не требует подробных разъяснений.
00825|Они подходили один за другим, целуя распятие и потом кланяясь самозванцу.|Они подходили один за другим, целуя распятие и потом кланяясь самозванцу.
00826|Мы хотели бы также пожелать госпоже Холли Келер удачи в ее будущих начинаниях.|Мы хотели бы также пожелать госпоже Холли Келер удачи в ее будущих начинаниях.
00827|Дело не только в личной жизни.|Дело не только в личной жизни.
00828|Это важный пункт повестки дня для Польши, председательствующей в Совете Европейского союза.|Это важный пункт повестки дня для Польши, председательствующей в Совете Европейского союза.
00829|Страны Северной Европы уже активно поддерживают этот процесс с помощью финансовых и других средств.|Страны Северной Европы уже активно поддерживают этот процесс с помощью финансовых и других средств.
00830|Левин понял, что это была шутка, но не мог улыбнуться.|Левин понял, что это была шутка, но не мог улыбнуться.
00831|Суд заявил о том, что принцип территориальной целостности ограничен сферой отношений между государствами.|Суд заявил о том, что принцип территориальной целостности ограничен сферой отношений между государствами.
00832|Такие сценарии развития событий порождают сомнения в возможности успешного перехода в Афганистане.|Такие сценарии развития событий порождают сомнения в возможности успешного перехода в Афганистане.
00833|Мы расцениваем разоружение и контроль над вооружениями в качестве ключевых элементов глобальной архитектуры безопасности.|Мы расцениваем разоружение и контроль над вооружениями в качестве ключевых элементов глобальной архитектуры безопасности.
00834|Для полной ликвидации ядерного оружия уже есть глобальная нормативно-правовая база или согласованная цель.|Для полной ликвидации ядерного оружия уже есть глобальная нормативно-правовая база или согласованная цель.
00835|Нам очень приятно принимать участие в этом заседании.|Нам очень приятно принимать участие в этом заседании.
00836|Мы должны постоянно помнить и напоминать себе о жертвах таких катастроф.|Мы должны постоянно помнить и напоминать себе о жертвах таких катастроф.
00837|Это поможет нам лучше готовиться и проводить более активные и плодотворные заседания.|Это поможет нам лучше готовиться и проводить более активные и плодотворные заседания.
00838|"В основе ""зеленой"" экономики лежат возобновляемые источники энергии и энергосбережение."|"В основе ""зеленой"" экономики лежат возобновляемые источники энергии и энергосбережение."
00839|Мы призываем международное сообщество поддержать принятие этого государства в члены Организации Объединенных Наций.|Мы призываем международное сообщество поддержать принятие этого государства в члены Организации Объединенных Наций.
00840|Язык, сам по себе, является синтезом взаимодействия цивилизаций.|Язык, сам по себе, является синтезом взаимодействия цивилизаций.
00841|А я еще бесплатные путевки для его детей доставала!|А я еще бесплатные путевки для его детей доставала!
00842|Нам необходимо продолжить ее решительное осуществление на всех уровнях.|Нам необходимо продолжить ее решительное осуществление на всех уровнях.
00843|Мы надеемся, что такие инициативы продолжатся.|Мы надеемся, что такие инициативы продолжатся.
00844|Мы придаем большое значение Конференции по разоружению как единственному органу переговоров в сфере разоружения.|Мы придаем большое значение Конференции по разоружению как единственному органу переговоров в сфере разоружения.
00845|Автозаполнять пароли|Автозаполнять пароли
00846|Мы активно содействуем контактам между общинами, признаем и проводим переоценку нашего разнообразия.|Мы активно содействуем контактам между общинами, признаем и проводим переоценку нашего разнообразия.
00847|Не означает ли это военную оккупацию?|Не означает ли это военную оккупацию?
00848|Данные элементы составляют три основных компонента договора.|Данные элементы составляют три основных компонента договора.
00849|Как показывает опыт Индии, важнейшую роль в достижении полной санитарии будет играть местное руководство.|Как показывает опыт Индии, важнейшую роль в достижении полной санитарии будет играть местное руководство.
00850|Или нет?|Или нет?
00851|Давайте возьмем на вооружение перспективный подход.|Давайте возьмем на вооружение перспективный подход.
00852|Заниматься миграцией процессов между хостами|Заниматься миграцией процессов между хостами
00853|Именно благодаря Вашей напряженной работе мы ведем сейчас такого рода обсуждение.|Именно благодаря Вашей напряженной работе мы ведем сейчас такого рода обсуждение.
00854|Мы можем и должны работать лучше.|Мы можем и должны работать лучше.
00855|Но я вспоминаю также о глухой враждебности против этого насилия суггестии.|Но я вспоминаю также о глухой враждебности против этого насилия суггестии.
00856|Наоборот, мир, свободный от ядерного оружия, стал бы более безопасным.|Наоборот, мир, свободный от ядерного оружия, стал бы более безопасным.
00857|"Моя страна, Мальдивские Острова, в некотором роде была предвестником ""арабского пробуждения""."|"Моя страна, Мальдивские Острова, в некотором роде была предвестником ""арабского пробуждения""."
00858|Эти меры не были полностью выполнены.|Эти меры не были полностью выполнены.
00859|Это делает его достаточно гибким, чтобы позволить надлежащим образом учесть заботы всех государств.|Это делает его достаточно гибким, чтобы позволить надлежащим образом учесть заботы всех государств.
00860|Мы благодарим авторов проекта резолюции и призываем другие делегации присоединиться к их числу.|Мы благодарим авторов проекта резолюции и призываем другие делегации присоединиться к их числу.
00861|Бангладеш убеждена, что разоружение и развитие являются инверсно усиливающими.|Бангладеш убеждена, что разоружение и развитие являются инверсно усиливающими.
00862|Как я только что сказал, мы должны переосмыслить роль Организации Объединенных Наций.|Как я только что сказал, мы должны переосмыслить роль Организации Объединенных Наций.
00863|"Махатма Ганди когда-то сказал, что ""санитария важнее независимости""."|"Махатма Ганди когда-то сказал, что ""санитария важнее независимости""."
00864|Наша делегация присоединяется к заявлению, сделанному представителем Бангладеш от имени Движения неприсоединения.|Наша делегация присоединяется к заявлению, сделанному представителем Бангладеш от имени Движения неприсоединения.
00865|Пусть не стреляют без приказа.|Пусть не стреляют без приказа.
00866|Это дело мира, справедливости, свободы и возможностей для всех.|Это дело мира, справедливости, свободы и возможностей для всех.
00867|Благодарю представителя Беларуси за его заявление и за теплые слова в адрес Председателя.|Благодарю представителя Беларуси за его заявление и за теплые слова в адрес Председателя.
00868|Сциллу недооценки вытесненного бессознательного и Харибду склонности измерять нормальное исключительно меркой патологического.|Сциллу недооценки вытесненного бессознательного и Харибду склонности измерять нормальное исключительно меркой патологического.
00869|Только одно конкретное предложение получило поддержку большинства государств-членов из всех региональных групп.|Только одно конкретное предложение получило поддержку большинства государств-членов из всех региональных групп.
00870|Оборудование быстрее выходит из строя и его необходимо чаще менять|Оборудование быстрее выходит из строя и его необходимо чаще менять
00871|Изменения касаются исключительно сроков.|Изменения касаются исключительно сроков.
00872|Степан Трофимович позвонил и вдруг выступил вперед, весь в волнении.|Степан Трофимович позвонил и вдруг выступил вперед, весь в волнении.
00873|Эти задачи, кроме того, являются краеугольным камнем Устава нашей Организации.|Эти задачи, кроме того, являются краеугольным камнем Устава нашей Организации.
00874|Грабли – грести, метла – мести, весла – везти, полозья – ползти.|Грабли – грести, метла – мести, весла – везти, полозья – ползти.
00875|Сейчас парламент Финляндии занимается рассмотрением этого вопроса.|Сейчас парламент Финляндии занимается рассмотрением этого вопроса.
00876|Использование морской блокады.|Использование морской блокады.
00877|Ну, а теперь… сюда идут люди.|Ну, а теперь… сюда идут люди.
00878|Карина считает, что беды продолжатся.|Карина считает, что беды продолжатся.
00879|А теперь слово имеет делегация Соединенных Штатов Америки.|А теперь слово имеет делегация Соединенных Штатов Америки.
00880|Эта информация позволит направить наше обсуждение в нужное русло и повысить его эффективность.|Эта информация позволит направить наше обсуждение в нужное русло и повысить его эффективность.
00881|Две кружки! – раздался в ответ басистый голос.|Две кружки! – раздался в ответ басистый голос.
00882|Генеральная Ассамблея сообщила о своем растущем нетерпении по поводу заторов на Конференции по разоружению.|Генеральная Ассамблея сообщила о своем растущем нетерпении по поводу заторов на Конференции по разоружению.
00883|Дух захватило у Коли Колокольчикова при этих наглых словах бессовестной Татьянки.|Дух захватило у Коли Колокольчикова при этих наглых словах бессовестной Татьянки.
00884|Позвольте мне в заключение высказать следующие замечания.|Позвольте мне в заключение высказать следующие замечания.
00885|В чем разница между художником обычным и художником в кино?|В чем разница между художником обычным и художником в кино?
00886|Я вижу, что слово желает взять представитель Алжира.|Я вижу, что слово желает взять представитель Алжира.
00887|Властям необходимо, например, в первоочередном порядке ввести в действие систему отслеживания дел.|Властям необходимо, например, в первоочередном порядке ввести в действие систему отслеживания дел.
00888|Это были процессы, во главе которых стояли народные массы.|Это были процессы, во главе которых стояли народные массы.
00889|Женя обошла сарай, через дырявую крышу которого разбегались во все стороны тонкие веревочные провода.|Женя обошла сарай, через дырявую крышу которого разбегались во все стороны тонкие веревочные провода.
00890|Открыть имейлы.|Открыть имейлы.
00891|Благодарю посла Соединенных Штатов Америки за ее заявление.|Благодарю посла Соединенных Штатов Америки за ее заявление.
00892|Благодарю представителя Южной Африки за его заявление и за его добрые слова.|Благодарю представителя Южной Африки за его заявление и за его добрые слова.
00893|Прежде всего, позвольте мне поприветствовать присутствовавшего среди нас сегодня господина Мариано Фернандеса.|Прежде всего, позвольте мне поприветствовать присутствовавшего среди нас сегодня господина Мариано Фернандеса.
00894|Светлана пока не может писать, ее запястье сильно болит.|Светлана пока не может писать, ее запястье сильно болит.
00895|Мы также хотели бы приветствовать нашего нового коллегу - посла Египта.|Мы также хотели бы приветствовать нашего нового коллегу - посла Египта.
00896|Шляпа эта была высокая, круглая, но вся уже изношенная.|Шляпа эта была высокая, круглая, но вся уже изношенная.
00897|В январе члены этого Комитета посетили Финляндию.|В январе члены этого Комитета посетили Финляндию.
00898|Большинство конкретных предложений по-прежнему находится на рассмотрении Комитета.|Большинство конкретных предложений по-прежнему находится на рассмотрении Комитета.
00899|Белград был столицей Югославии.|Белград был столицей Югославии.
00900|Как я полагаю, эта приверженность разделяется многими в мире.|Как я полагаю, эта приверженность разделяется многими в мире.
00901|Не подходите к лошади сзади, может лягнуть.|Не подходите к лошади сзади, может лягнуть.
00902|Ливийцы не сдадутся.|Ливийцы не сдадутся.
00903|Да ничего особенного.|Да ничего особенного.
00904|Он командир.|Он командир.
00905|Но диамат и истмат тоже распались.|Но диамат и истмат тоже распались.
00906|И мы по-прежнему верны своим международным обязательствам.|И мы по-прежнему верны своим международным обязательствам.
00907|Очевидно, что ливийский кризис в различной степени повлиял на разные страны Сахельского региона.|Очевидно, что ливийский кризис в различной степени повлиял на разные страны Сахельского региона.
00908|Для определения наиболее эффективных методов использования этих средств были выработаны руководящие принципы.|Для определения наиболее эффективных методов использования этих средств были выработаны руководящие принципы.
00909|Совет Безопасности приступает к рассмотрению пункта своей повестки дня.|Совет Безопасности приступает к рассмотрению пункта своей повестки дня.
00910|Как быть успешным живописцем в Америке.|Как быть успешным живописцем в Америке.
00911|Они являются непременным условием для нашей дальнейшей работы и присутствия в этой стране.|Они являются непременным условием для нашей дальнейшей работы и присутствия в этой стране.
00912|Кроме того, мы согласны и с основополагающими принципами универсального характера.|Кроме того, мы согласны и с основополагающими принципами универсального характера.
00913|Восемь из них погибли, работая в составе Миссии.|Восемь из них погибли, работая в составе Миссии.
00914|Могу ли я угостить вас мороженым?|Могу ли я угостить вас мороженым?
00915|В-четвертых, мы должны оставаться приверженными существующим многосторонним разоруженческим механизмам.|В-четвертых, мы должны оставаться приверженными существующим многосторонним разоруженческим механизмам.
00916|Теперь я предоставляю слово представителю Канады.|Теперь я предоставляю слово представителю Канады.
00917|У нас есть дорожная карта.|У нас есть дорожная карта.
00918|Историческая несправедливость по отношению к палестинскому народу проявляется различными путями.|Историческая несправедливость по отношению к палестинскому народу проявляется различными путями.
00919|Я всегда буду работать над тем, чтобы сохранить прочными наши партнерские отношения.|Я всегда буду работать над тем, чтобы сохранить прочными наши партнерские отношения.
00920|Я надеюсь, что время не подорвет его.|Я надеюсь, что время не подорвет его.
00921|Эти две проблемы имеют центральное значение для определения природы договора, предусматриваемого государствами-членами.|Эти две проблемы имеют центральное значение для определения природы договора, предусматриваемого государствами-членами.
00922|А ведь хромой старик у калитки – это был я.|А ведь хромой старик у калитки – это был я.
00923|Мы по-прежнему весьма обеспокоены состоянием защиты прав человека и гуманитарной ситуацией в стране.|Мы по-прежнему весьма обеспокоены состоянием защиты прав человека и гуманитарной ситуацией в стране.
00924|Он был должен кругом хозяйке и боялся с нею встретиться.|Он был должен кругом хозяйке и боялся с нею встретиться.
00925|Смотри молчи!|Смотри молчи!
00926|Но прямые светлые лучи ее были обведены широкой черной каймой.|Но прямые светлые лучи ее были обведены широкой черной каймой.
00927|Поэтому срочно нужны программы реинтеграции репатриантов и обеспечения их работой.|Поэтому срочно нужны программы реинтеграции репатриантов и обеспечения их работой.
00928|Удивленные масштабами беспрецедентного восстания, некоторые главы государств были вынуждены отказаться от власти.|Удивленные масштабами беспрецедентного восстания, некоторые главы государств были вынуждены отказаться от власти.
00929|Причем статус таких обсуждений был бы совершенно другим.|Причем статус таких обсуждений был бы совершенно другим.
00930|Мне понравилась эта квартира, но я не уверен, что смогу потянуть её аренду.|Мне понравилась эта квартира, но я не уверен, что смогу потянуть её аренду.
00931|А ты ночью по веревке из окна лазил, – не поворачивая головы, хладнокровно ляпнула Татьянка.|А ты ночью по веревке из окна лазил, – не поворачивая головы, хладнокровно ляпнула Татьянка.
00932|Австрия верит в потенциал многосторонности в сфере разоружения и нераспространения.|Австрия верит в потенциал многосторонности в сфере разоружения и нераспространения.
00933|Зато он не оставляет после себя грязи и решает проблему строительного мусора и отходов.|Зато он не оставляет после себя грязи и решает проблему строительного мусора и отходов.
00934|Мали полностью осознает масштабы и сложность нынешних проблем.|Мали полностью осознает масштабы и сложность нынешних проблем.
00935|Мы подтверждаем, что Конференция по разоружению является единым многосторонним органом, уполномоченным на ведение переговоров.|Мы подтверждаем, что Конференция по разоружению является единым многосторонним органом, уполномоченным на ведение переговоров.
00936|Вот и улетели в дальний путь.|Вот и улетели в дальний путь.
00937|Дом номер двадцать два, перекатать бревна, по Большой Васильковской.|Дом номер двадцать два, перекатать бревна, по Большой Васильковской.
00938|Молодой человек был очень доволен.|Молодой человек был очень доволен.
00939|Полтора рубля!|Полтора рубля!
00940|Из поросшей крапивой и бурьяном канавы по другой стороне улицы выглянуло пять голов.|Из поросшей крапивой и бурьяном канавы по другой стороне улицы выглянуло пять голов.
00941|Он подобрал себе компанию, и они, кажется, гнут против нас дело.|Он подобрал себе компанию, и они, кажется, гнут против нас дело.
00942|Тебе понятно?|Тебе понятно?
00943|Благодарю представителя Швейцарии за его заявление.|Благодарю представителя Швейцарии за его заявление.
00944|И только мы ответственны за ее нынешнюю ситуацию и за ее будущее.|И только мы ответственны за ее нынешнюю ситуацию и за ее будущее.
00945|Охая, недоумевая и оглядываясь, старуха обошла бочку.|Охая, недоумевая и оглядываясь, старуха обошла бочку.
00946|Этого добиться будет нелегко.|Этого добиться будет нелегко.
00947|Ливийцы требуют демократии, они требуют прогресса, они требуют свободы, они требуют уважать их права.|Ливийцы требуют демократии, они требуют прогресса, они требуют свободы, они требуют уважать их права.
00948|Простая логистика затруднила бы успешное голосование в день выборов дважды.|Простая логистика затруднила бы успешное голосование в день выборов дважды.
00949|Что касается Комитета по проверке полномочий, то он рекомендовал признать полномочия Национального переходного совета.|Что касается Комитета по проверке полномочий, то он рекомендовал признать полномочия Национального переходного совета.
00950|Мы занимаем седьмое место по объему взносов в бюджет Организации Объединенных Наций.|Мы занимаем седьмое место по объему взносов в бюджет Организации Объединенных Наций.
00951|Если нет, то я, пожалуй, выскажу ради ясности несколько комментариев.|Если нет, то я, пожалуй, выскажу ради ясности несколько комментариев.
00952|Он будет дополнять работу существующих информационно-просветительских программ Организации Объединенных Наций.|Он будет дополнять работу существующих информационно-просветительских программ Организации Объединенных Наций.
00953|Основополагающие принципы этих Объединенных Наций представляют собой не просто слова.|Основополагающие принципы этих Объединенных Наций представляют собой не просто слова.
00954|Обязанность по защите сирийского народа стала теперь обязанностью международного сообщества.|Обязанность по защите сирийского народа стала теперь обязанностью международного сообщества.
00955|Мы приглашаем международное сообщество принять участие в наблюдении и мониторинге за ходом этих выборов.|Мы приглашаем международное сообщество принять участие в наблюдении и мониторинге за ходом этих выборов.
00956|Для достойной и безопасной жизни мы нуждаемся в нечто большем, чем просто лекарственные препараты.|Для достойной и безопасной жизни мы нуждаемся в нечто большем, чем просто лекарственные препараты.
00957|Действительно, статистические данные свидетельствуют о росте заболеваемости диабетом.|Действительно, статистические данные свидетельствуют о росте заболеваемости диабетом.
00958|И, тем не менее, эти работорговцы и рабовладельцы были тоже людьми.|И, тем не менее, эти работорговцы и рабовладельцы были тоже людьми.
00959|В сущности, большинство из них официально высказываются за полную ликвидацию ядерного оружия.|В сущности, большинство из них официально высказываются за полную ликвидацию ядерного оружия.
00960|Есть естественное место, где стратегия развития на будущее должна разрабатываться и реализовываться.|Есть естественное место, где стратегия развития на будущее должна разрабатываться и реализовываться.
00961|То же самое относится к Японии.|То же самое относится к Японии.
00962|Тем не менее, вновь руководствуясь духом сотрудничества, мы поддержим этот проект резолюции.|Тем не менее, вновь руководствуясь духом сотрудничества, мы поддержим этот проект резолюции.
00963|Боливия является дружественным, миролюбивым государством, которое уделяет приоритетное внимание диалогу со своими соседями.|Боливия является дружественным, миролюбивым государством, которое уделяет приоритетное внимание диалогу со своими соседями.
00964|И здесь мы вышли вновь.|И здесь мы вышли вновь.
00965|Да, знаю… то он не боится ничего на свете.|Да, знаю… то он не боится ничего на свете.
00966|Соображения безопасности будут оставаться важным аспектом обзора.|Соображения безопасности будут оставаться важным аспектом обзора.
00967|К счастью, наши наихудшие опасения не материализовались и нам удалось значительно снизить угрозу терроризма.|К счастью, наши наихудшие опасения не материализовались и нам удалось значительно снизить угрозу терроризма.
00968|Есть страны, чьи системы управления или традиции и идеалы диаметрально противоположны американскому образу жизни.|Есть страны, чьи системы управления или традиции и идеалы диаметрально противоположны американскому образу жизни.
00969|Народ Пакистана продолжает последовательно проявлять огромную самоотверженность, терпение и великодушие.|Народ Пакистана продолжает последовательно проявлять огромную самоотверженность, терпение и великодушие.
00970|Мы с удовлетворением отмечаем, что некоторые ядерные государства понизили уровень боеготовности своих арсеналов.|Мы с удовлетворением отмечаем, что некоторые ядерные государства понизили уровень боеготовности своих арсеналов.
00971|Несмотря на достигнутый прогресс, впереди еще много трудностей.|Несмотря на достигнутый прогресс, впереди еще много трудностей.
00972|Женщинам и девочкам должно отводиться центральное место в наших стратегиях в области развития.|Женщинам и девочкам должно отводиться центральное место в наших стратегиях в области развития.
00973|Наша страна убеждена, что эти дискуссии носят основополагающий характер.|Наша страна убеждена, что эти дискуссии носят основополагающий характер.
00974|Вот чего нужно добиться на сегодняшнем заседании.|Вот чего нужно добиться на сегодняшнем заседании.
00975|Речь идет о ситуациях в Латинской Америке, Азии и Восточной Европе.|Речь идет о ситуациях в Латинской Америке, Азии и Восточной Европе.
00976|После двух десятилетий бесплодных переговоров, правомерный палестинский вопрос по-прежнему не урегулирован.|После двух десятилетий бесплодных переговоров, правомерный палестинский вопрос по-прежнему не урегулирован.
00977|Маврикий Николаевич был роста высокого, но вовсе не так уж непозволительно.|Маврикий Николаевич был роста высокого, но вовсе не так уж непозволительно.
00978|Мы никогда не стремились к такой сомнительной известности, и ничего хорошего в ней нет.|Мы никогда не стремились к такой сомнительной известности, и ничего хорошего в ней нет.
00979|Да благословит Господь Республику Науру, да благословит Господь Организацию Объединенных Наций!|Да благословит Господь Республику Науру, да благословит Господь Организацию Объединенных Наций!
00980|Ассамблея приступает к принятию решения по этому проекту резолюции.|Ассамблея приступает к принятию решения по этому проекту резолюции.
00981|Наша делегация присоединяется к заявлению, сделанному представителем Египта от имени Движения неприсоединения.|Наша делегация присоединяется к заявлению, сделанному представителем Египта от имени Движения неприсоединения.
00982|Я объявляю открытой шестьдесят шестую сессию Генеральной Ассамблеи.|Я объявляю открытой шестьдесят шестую сессию Генеральной Ассамблеи.
00983|Поэтому крайне важно, чтобы женщины активнее участвовали в усилиях и процессах в области посредничества.|Поэтому крайне важно, чтобы женщины активнее участвовали в усилиях и процессах в области посредничества.
00984|Откровенно говоря, проблема в этом контексте создана израильским правительством.|Откровенно говоря, проблема в этом контексте создана израильским правительством.
00985|Пакистан находится здесь потому, что верит в многосторонность.|Пакистан находится здесь потому, что верит в многосторонность.
00986|Автором проекта стал также Кыргызстан.|Автором проекта стал также Кыргызстан.
00987|Мы приветствуем этого нового члена и протягиваем ему нашу руку дружбы.|Мы приветствуем этого нового члена и протягиваем ему нашу руку дружбы.
00988|Иногда вынуждены перемещаться целые народы.|Иногда вынуждены перемещаться целые народы.
00989|Прогресс в этой области весьма повысил бы транспарентность.|Прогресс в этой области весьма повысил бы транспарентность.
00990|В этой связи мы изменили название проекта резолюции.|В этой связи мы изменили название проекта резолюции.
00991|На Совет, стоящий на этой прочной основе, возлагаются большие надежды.|На Совет, стоящий на этой прочной основе, возлагаются большие надежды.
00992|Поэтому развитию сельскохозяйственных кооперативов мы уделяем особое внимание.|Поэтому развитию сельскохозяйственных кооперативов мы уделяем особое внимание.
00993|Латинская Америка - это регион с наибольшим в мире неравенством.|Латинская Америка - это регион с наибольшим в мире неравенством.
00994|Я хотел бы также выразить признательность неправительственным организациям и гражданскому обществу в целом.|Я хотел бы также выразить признательность неправительственным организациям и гражданскому обществу в целом.
00995|Однако именно развивающиеся страны остаются самыми уязвимыми.|Однако именно развивающиеся страны остаются самыми уязвимыми.
00996|Сегодня они продолжают приносить пользу Африканскому союзу.|Сегодня они продолжают приносить пользу Африканскому союзу.
00997|Пренебрежение процедурами может серьезно дезорганизовать работу нашей Организации.|Пренебрежение процедурами может серьезно дезорганизовать работу нашей Организации.
00998|Умоляю, никому ничего не рассказывай.|Умоляю, никому ничего не рассказывай.
00999|Договор и есть этот инструмент.|Договор и есть этот инструмент.
